[
  {
    "model": "admin_interface.theme",
    "pk": 1,
    "fields": {
      "name": "Main",
      "active": true,
      "title": "Alot Administration",
      "title_color": "#F5DD5D",
      "title_visible": true,
      "logo": "",
      "logo_color": "#FFFFFF",
      "logo_max_width": 400,
      "logo_max_height": 100,
      "logo_visible": false,
      "favicon": "",
      "env_name": "",
      "env_color": "#E74C3C",
      "env_visible_in_header": true,
      "env_visible_in_favicon": true,
      "language_chooser_active": true,
      "language_chooser_control": "default-select",
      "language_chooser_display": "code",
      "css_header_background_color": "#0C4B33",
      "css_header_text_color": "#44B78B",
      "css_header_link_color": "#FFFFFF",
      "css_header_link_hover_color": "#C9F0DD",
      "css_module_background_color": "#44B78B",
      "css_module_background_selected_color": "#FFFFCC",
      "css_module_text_color": "#FFFFFF",
      "css_module_link_color": "#FFFFFF",
      "css_module_link_selected_color": "#FFFFFF",
      "css_module_link_hover_color": "#C9F0DD",
      "css_module_rounded_corners": true,
      "css_generic_link_color": "#0C3C26",
      "css_generic_link_hover_color": "#156641",
      "css_generic_link_active_color": "#29B864",
      "css_save_button_background_color": "#0C4B33",
      "css_save_button_background_hover_color": "#0C3C26",
      "css_save_button_text_color": "#FFFFFF",
      "css_delete_button_background_color": "#BA2121",
      "css_delete_button_background_hover_color": "#A41515",
      "css_delete_button_text_color": "#FFFFFF",
      "related_modal_active": true,
      "related_modal_background_color": "#000000",
      "related_modal_background_opacity": "0.3",
      "related_modal_rounded_corners": true,
      "related_modal_close_button_visible": true,
      "list_filter_highlight": true,
      "list_filter_dropdown": true,
      "list_filter_sticky": true,
      "list_filter_removal_links": false,
      "foldable_apps": true,
      "show_fieldsets_as_tabs": false,
      "show_inlines_as_tabs": true,
      "collapsible_stacked_inlines": false,
      "collapsible_stacked_inlines_collapsed": true,
      "collapsible_tabular_inlines": false,
      "collapsible_tabular_inlines_collapsed": true,
      "recent_actions_visible": true,
      "form_submit_sticky": true,
      "form_pagination_sticky": false
    }
  },
  {
    "model": "sessions.session",
    "pk": "r5l5jv5juo3f6ay50td7nzo0zjyvxzab",
    "fields": {
      "session_data": ".eJxVjEEKwyAQAP_iuYga12iPvecNsrpLTVsUYnIq_XsRcmivM8O8RcRjL_HovMWVxFVocfllCfOT6xD0wHpvMre6b2uSI5Gn7XJpxK_b2f4NCvYytojTBOQ8oUXySnsDbJPDAJwzGGtYGWbWKc1BBXTB6pkZwHidUbH4fAHnzjfz:1sJpTL:sWgo_t2XUVgV6gBUskD4_vX0Sog6RyYQYc2ZRzEhNIg",
      "expire_date": "2024-07-03T07:11:11.378Z"
    }
  },
  {
    "model": "main.itemcategory",
    "pk": "1ba0cf6b-e8e4-4fed-ae8a-0f72e7c622d5",
    "fields": {
      "created": "2024-06-19T07:43:10.219Z",
      "updated": "2024-06-19T07:43:10.219Z",
      "creator": null,
      "is_active": true,
      "name": "Drinks"
    }
  },
  {
    "model": "main.itemcategory",
    "pk": "24758ab1-5500-48c4-b26a-9eb74b34404d",
    "fields": {
      "created": "2024-06-19T07:44:38.737Z",
      "updated": "2024-06-19T07:44:38.737Z",
      "creator": null,
      "is_active": true,
      "name": "Main Dish"
    }
  },
  {
    "model": "main.itemcategory",
    "pk": "58f1cc85-2d83-4f20-a880-99acd81980f0",
    "fields": {
      "created": "2024-06-19T08:24:50.791Z",
      "updated": "2024-06-19T08:24:50.791Z",
      "creator": null,
      "is_active": true,
      "name": "Miscellaneous"
    }
  },
  {
    "model": "main.itemcategory",
    "pk": "98284f92-8000-46fa-a747-74d2466f1dd8",
    "fields": {
      "created": "2024-06-19T07:43:35.922Z",
      "updated": "2024-06-19T07:43:35.922Z",
      "creator": null,
      "is_active": true,
      "name": "Breads and Sides"
    }
  },
  {
    "model": "main.itemcategory",
    "pk": "9f27ad65-c843-45f9-a617-fe881afc9ca2",
    "fields": {
      "created": "2024-06-19T07:43:55.291Z",
      "updated": "2024-06-19T07:43:55.292Z",
      "creator": null,
      "is_active": true,
      "name": "Sandwiches and Burgers"
    }
  },
  {
    "model": "main.itemcategory",
    "pk": "bb66f0d6-47f8-45e0-919f-5715ca0908ba",
    "fields": {
      "created": "2024-06-19T07:43:22.577Z",
      "updated": "2024-06-19T07:43:22.577Z",
      "creator": null,
      "is_active": true,
      "name": "Rice or Biriyani"
    }
  },
  {
    "model": "main.itemcategory",
    "pk": "e740d494-a67c-4c4a-816b-601ad874beba",
    "fields": {
      "created": "2024-06-19T07:42:30.745Z",
      "updated": "2024-06-19T07:42:30.745Z",
      "creator": null,
      "is_active": true,
      "name": "Starters"
    }
  },
  {
    "model": "main.itemcategory",
    "pk": "e9ac04a9-3243-4941-b014-40ec4f2de6dd",
    "fields": {
      "created": "2024-06-19T07:42:46.010Z",
      "updated": "2024-06-19T07:42:46.010Z",
      "creator": null,
      "is_active": true,
      "name": "Desserts"
    }
  },
  {
    "model": "main.itemcategory",
    "pk": "f0a13456-9c92-45f5-841d-d0b08f72cc63",
    "fields": {
      "created": "2024-06-19T07:44:31.361Z",
      "updated": "2024-06-19T07:44:31.361Z",
      "creator": null,
      "is_active": true,
      "name": "Salads"
    }
  },
  {
    "model": "main.item",
    "pk": "05bc7183-b4d2-4bc3-950d-bf040bfa3b61",
    "fields": {
      "created": "2024-06-19T08:26:32Z",
      "updated": "2024-06-19T10:18:27.394Z",
      "creator": null,
      "is_active": true,
      "category": "58f1cc85-2d83-4f20-a880-99acd81980f0",
      "name": "Yam Fry & Upperi",
      "image": "",
      "price": "10.00",
      "available_on": "Monday,Tuesday,Wednesday,Thursday,Friday,Saturday,Sunday",
      "is_veg": true
    }
  },
  {
    "model": "main.item",
    "pk": "068e6735-2b0e-4db5-8e5c-c45c2d7b4779",
    "fields": {
      "created": "2024-06-19T08:26:32Z",
      "updated": "2024-06-19T10:18:27.218Z",
      "creator": null,
      "is_active": true,
      "category": "bb66f0d6-47f8-45e0-919f-5715ca0908ba",
      "name": "Chicken Biriyani",
      "image": "",
      "price": "10.00",
      "available_on": "Monday,Tuesday,Wednesday,Thursday,Friday,Saturday,Sunday",
      "is_veg": true
    }
  },
  {
    "model": "main.item",
    "pk": "0b40188c-95b1-4e3a-bbff-c32cbad7c19c",
    "fields": {
      "created": "2024-06-19T08:26:32Z",
      "updated": "2024-06-19T10:18:27.338Z",
      "creator": null,
      "is_active": true,
      "category": "98284f92-8000-46fa-a747-74d2466f1dd8",
      "name": "Puttu",
      "image": "",
      "price": "10.00",
      "available_on": "Monday,Tuesday,Wednesday,Thursday,Friday,Saturday,Sunday",
      "is_veg": true
    }
  },
  {
    "model": "main.item",
    "pk": "0d1b6bb0-42ea-4d32-8962-22ecaaf28811",
    "fields": {
      "created": "2024-06-19T08:26:32Z",
      "updated": "2024-06-19T10:18:27.363Z",
      "creator": null,
      "is_active": true,
      "category": "58f1cc85-2d83-4f20-a880-99acd81980f0",
      "name": "Sweets",
      "image": "",
      "price": "10.00",
      "available_on": "Monday,Tuesday,Wednesday,Thursday,Friday,Saturday,Sunday",
      "is_veg": true
    }
  },
  {
    "model": "main.item",
    "pk": "0fcad338-68d6-40ae-aa49-2fe724a01e19",
    "fields": {
      "created": "2024-06-19T08:26:32Z",
      "updated": "2024-06-19T10:18:27.284Z",
      "creator": null,
      "is_active": true,
      "category": "58f1cc85-2d83-4f20-a880-99acd81980f0",
      "name": "Green Peas Curry",
      "image": "",
      "price": "10.00",
      "available_on": "Monday,Tuesday,Wednesday,Thursday,Friday,Saturday,Sunday",
      "is_veg": true
    }
  },
  {
    "model": "main.item",
    "pk": "1001510c-e0b1-4f05-b764-ab5b36ead2f1",
    "fields": {
      "created": "2024-06-19T08:26:32Z",
      "updated": "2024-06-19T10:18:27.336Z",
      "creator": null,
      "is_active": true,
      "category": "58f1cc85-2d83-4f20-a880-99acd81980f0",
      "name": "Pulao",
      "image": "",
      "price": "10.00",
      "available_on": "Monday,Tuesday,Wednesday,Thursday,Friday,Saturday,Sunday",
      "is_veg": true
    }
  },
  {
    "model": "main.item",
    "pk": "11495104-68cd-47fe-886a-1e04479ef710",
    "fields": {
      "created": "2024-06-19T08:26:32Z",
      "updated": "2024-06-19T10:18:27.230Z",
      "creator": null,
      "is_active": true,
      "category": "58f1cc85-2d83-4f20-a880-99acd81980f0",
      "name": "Chicken Kabsa",
      "image": "",
      "price": "10.00",
      "available_on": "Monday,Tuesday,Wednesday,Thursday,Friday,Saturday,Sunday",
      "is_veg": true
    }
  },
  {
    "model": "main.item",
    "pk": "119b50e7-1599-4d6a-aeed-e7bde1b8f3f8",
    "fields": {
      "created": "2024-06-19T08:26:32Z",
      "updated": "2024-06-19T10:18:27.392Z",
      "creator": null,
      "is_active": true,
      "category": "58f1cc85-2d83-4f20-a880-99acd81980f0",
      "name": "Yam Fry",
      "image": "",
      "price": "10.00",
      "available_on": "Monday,Tuesday,Wednesday,Thursday,Friday,Saturday,Sunday",
      "is_veg": true
    }
  },
  {
    "model": "main.item",
    "pk": "162b9ac5-7a5a-43b4-ae63-5c05abfa3b3a",
    "fields": {
      "created": "2024-06-19T08:26:32Z",
      "updated": "2024-06-19T10:18:27.346Z",
      "creator": null,
      "is_active": true,
      "category": "e740d494-a67c-4c4a-816b-601ad874beba",
      "name": "Samosa",
      "image": "",
      "price": "10.00",
      "available_on": "Monday,Tuesday,Wednesday,Thursday,Friday,Saturday,Sunday",
      "is_veg": true
    }
  },
  {
    "model": "main.item",
    "pk": "171f44e1-a3d2-4056-b72b-bebf290da995",
    "fields": {
      "created": "2024-06-19T08:26:32Z",
      "updated": "2024-06-19T10:18:27.387Z",
      "creator": null,
      "is_active": true,
      "category": "f0a13456-9c92-45f5-841d-d0b08f72cc63",
      "name": "Vegetable Salad",
      "image": "",
      "price": "10.00",
      "available_on": "Monday,Tuesday,Wednesday,Thursday,Friday,Saturday,Sunday",
      "is_veg": true
    }
  },
  {
    "model": "main.item",
    "pk": "1a1c9334-cc2e-47a3-8ad0-4086bef51386",
    "fields": {
      "created": "2024-06-19T08:26:32Z",
      "updated": "2024-06-19T10:18:27.200Z",
      "creator": null,
      "is_active": true,
      "category": "58f1cc85-2d83-4f20-a880-99acd81980f0",
      "name": "Black chena curry",
      "image": "",
      "price": "10.00",
      "available_on": "Monday,Tuesday,Wednesday,Thursday,Friday,Saturday,Sunday",
      "is_veg": true
    }
  },
  {
    "model": "main.item",
    "pk": "1ed48674-12da-4d41-9726-a9db3f662854",
    "fields": {
      "created": "2024-06-19T08:26:32Z",
      "updated": "2024-06-19T10:18:27.316Z",
      "creator": null,
      "is_active": true,
      "category": "58f1cc85-2d83-4f20-a880-99acd81980f0",
      "name": "Nool Porotta",
      "image": "",
      "price": "10.00",
      "available_on": "Monday,Tuesday,Wednesday,Thursday,Friday,Saturday,Sunday",
      "is_veg": true
    }
  },
  {
    "model": "main.item",
    "pk": "20934a9b-e83f-479c-9605-7253f4a94419",
    "fields": {
      "created": "2024-06-19T08:26:32Z",
      "updated": "2024-06-19T10:18:27.292Z",
      "creator": null,
      "is_active": true,
      "category": "98284f92-8000-46fa-a747-74d2466f1dd8",
      "name": "Idiyappam",
      "image": "",
      "price": "10.00",
      "available_on": "Monday,Tuesday,Wednesday,Thursday,Friday,Saturday,Sunday",
      "is_veg": true
    }
  },
  {
    "model": "main.item",
    "pk": "23be7506-2cb0-496d-9edb-8e93654960c9",
    "fields": {
      "created": "2024-06-19T08:26:32Z",
      "updated": "2024-06-19T10:18:27.256Z",
      "creator": null,
      "is_active": true,
      "category": "58f1cc85-2d83-4f20-a880-99acd81980f0",
      "name": "Dal Curry",
      "image": "",
      "price": "10.00",
      "available_on": "Monday,Tuesday,Wednesday,Thursday,Friday,Saturday,Sunday",
      "is_veg": true
    }
  },
  {
    "model": "main.item",
    "pk": "23ef2a90-c989-41aa-afb9-86c18c904fc9",
    "fields": {
      "created": "2024-06-19T08:26:32Z",
      "updated": "2024-06-19T10:18:27.370Z",
      "creator": null,
      "is_active": true,
      "category": "24758ab1-5500-48c4-b26a-9eb74b34404d",
      "name": "Uthappam",
      "image": "",
      "price": "110.00",
      "available_on": "Monday,Tuesday,Wednesday,Thursday,Friday,Saturday,Sunday",
      "is_veg": true
    }
  },
  {
    "model": "main.item",
    "pk": "245eab99-c5eb-4cd0-8309-df0dc10c165f",
    "fields": {
      "created": "2024-06-19T08:26:32Z",
      "updated": "2024-06-19T10:18:27.287Z",
      "creator": null,
      "is_active": true,
      "category": "e9ac04a9-3243-4941-b014-40ec4f2de6dd",
      "name": "Gulab Jamun",
      "image": "",
      "price": "10.00",
      "available_on": "Monday,Tuesday,Wednesday,Thursday,Friday,Saturday,Sunday",
      "is_veg": true
    }
  },
  {
    "model": "main.item",
    "pk": "288b7525-b424-47b8-9028-69b77fc0b331",
    "fields": {
      "created": "2024-06-19T08:26:32Z",
      "updated": "2024-06-19T10:18:27.266Z",
      "creator": null,
      "is_active": true,
      "category": "58f1cc85-2d83-4f20-a880-99acd81980f0",
      "name": "Egg Kuruma",
      "image": "",
      "price": "10.00",
      "available_on": "Monday,Tuesday,Wednesday,Thursday,Friday,Saturday,Sunday",
      "is_veg": true
    }
  },
  {
    "model": "main.item",
    "pk": "2b7735d4-0b9d-4c44-b998-43ea16435cdb",
    "fields": {
      "created": "2024-06-19T08:26:32Z",
      "updated": "2024-06-19T10:18:27.321Z",
      "creator": null,
      "is_active": true,
      "category": "58f1cc85-2d83-4f20-a880-99acd81980f0",
      "name": "Paneer Butter Masala",
      "image": "",
      "price": "10.00",
      "available_on": "Monday,Tuesday,Wednesday,Thursday,Friday,Saturday,Sunday",
      "is_veg": true
    }
  },
  {
    "model": "main.item",
    "pk": "2b89a4c4-8aa2-449f-9699-0e1b2034153f",
    "fields": {
      "created": "2024-06-19T08:26:32Z",
      "updated": "2024-06-19T10:18:27.373Z",
      "creator": null,
      "is_active": true,
      "category": "58f1cc85-2d83-4f20-a880-99acd81980f0",
      "name": "Veg Biriyani",
      "image": "",
      "price": "10.00",
      "available_on": "Monday,Tuesday,Wednesday,Thursday,Friday,Saturday,Sunday",
      "is_veg": true
    }
  },
  {
    "model": "main.item",
    "pk": "2c483d03-3373-4138-85e2-ac8c135b635b",
    "fields": {
      "created": "2024-06-19T08:26:32Z",
      "updated": "2024-06-19T10:18:27.213Z",
      "creator": null,
      "is_active": true,
      "category": "58f1cc85-2d83-4f20-a880-99acd81980f0",
      "name": "Chapathi",
      "image": "",
      "price": "10.00",
      "available_on": "Monday,Tuesday,Wednesday,Thursday,Friday,Saturday,Sunday",
      "is_veg": true
    }
  },
  {
    "model": "main.item",
    "pk": "2fb37f59-0ed3-4c83-95e0-4cf91cda693b",
    "fields": {
      "created": "2024-06-19T08:26:32Z",
      "updated": "2024-06-19T10:18:27.341Z",
      "creator": null,
      "is_active": true,
      "category": "58f1cc85-2d83-4f20-a880-99acd81980f0",
      "name": "Raitha",
      "image": "",
      "price": "10.00",
      "available_on": "Monday,Tuesday,Wednesday,Thursday,Friday,Saturday,Sunday",
      "is_veg": true
    }
  },
  {
    "model": "main.item",
    "pk": "3080d641-0f49-4761-8205-0a5f0104dd27",
    "fields": {
      "created": "2024-06-19T08:26:32Z",
      "updated": "2024-06-19T10:18:27.365Z",
      "creator": null,
      "is_active": true,
      "category": "58f1cc85-2d83-4f20-a880-99acd81980f0",
      "name": "Upma",
      "image": "",
      "price": "10.00",
      "available_on": "Monday,Tuesday,Wednesday,Thursday,Friday,Saturday,Sunday",
      "is_veg": true
    }
  },
  {
    "model": "main.item",
    "pk": "315dfc26-e13a-48fc-aae3-73d27a99280c",
    "fields": {
      "created": "2024-06-19T08:26:32Z",
      "updated": "2024-06-19T10:18:27.195Z",
      "creator": null,
      "is_active": true,
      "category": "58f1cc85-2d83-4f20-a880-99acd81980f0",
      "name": "Arabic Chutney",
      "image": "",
      "price": "10.00",
      "available_on": "Monday,Tuesday,Wednesday,Thursday,Friday,Saturday,Sunday",
      "is_veg": true
    }
  },
  {
    "model": "main.item",
    "pk": "3167bdd3-2093-4782-93e9-f326f84fe7f7",
    "fields": {
      "created": "2024-06-19T08:26:32Z",
      "updated": "2024-06-19T10:18:27.380Z",
      "creator": null,
      "is_active": true,
      "category": "bb66f0d6-47f8-45e0-919f-5715ca0908ba",
      "name": "Veg Pulao",
      "image": "",
      "price": "10.00",
      "available_on": "Monday,Tuesday,Wednesday,Thursday,Friday,Saturday,Sunday",
      "is_veg": true
    }
  },
  {
    "model": "main.item",
    "pk": "34167929-c4b4-412a-b1ad-c7b7bb705643",
    "fields": {
      "created": "2024-06-19T08:26:32Z",
      "updated": "2024-06-19T10:18:27.360Z",
      "creator": null,
      "is_active": true,
      "category": "58f1cc85-2d83-4f20-a880-99acd81980f0",
      "name": "Sugar & Banana",
      "image": "",
      "price": "10.00",
      "available_on": "Monday,Tuesday,Wednesday,Thursday,Friday,Saturday,Sunday",
      "is_veg": true
    }
  },
  {
    "model": "main.item",
    "pk": "38b58057-1602-4806-86e2-2fd0c6dae199",
    "fields": {
      "created": "2024-06-19T08:26:32Z",
      "updated": "2024-06-19T10:18:27.264Z",
      "creator": null,
      "is_active": true,
      "category": "58f1cc85-2d83-4f20-a880-99acd81980f0",
      "name": "Egg Curry",
      "image": "",
      "price": "10.00",
      "available_on": "Monday,Tuesday,Wednesday,Thursday,Friday,Saturday,Sunday",
      "is_veg": true
    }
  },
  {
    "model": "main.item",
    "pk": "4492b1b1-82e2-4cdf-b7a8-5c05e563442a",
    "fields": {
      "created": "2024-06-19T08:26:32Z",
      "updated": "2024-06-19T10:18:27.324Z",
      "creator": null,
      "is_active": true,
      "category": "58f1cc85-2d83-4f20-a880-99acd81980f0",
      "name": "Papadam",
      "image": "",
      "price": "10.00",
      "available_on": "Monday,Tuesday,Wednesday,Thursday,Friday,Saturday,Sunday",
      "is_veg": true
    }
  },
  {
    "model": "main.item",
    "pk": "4988707f-00a9-4a05-8b8b-5610d335b6a0",
    "fields": {
      "created": "2024-06-19T08:26:32Z",
      "updated": "2024-06-19T10:18:27.282Z",
      "creator": null,
      "is_active": true,
      "category": "58f1cc85-2d83-4f20-a880-99acd81980f0",
      "name": "Gravy",
      "image": "",
      "price": "10.00",
      "available_on": "Monday,Tuesday,Wednesday,Thursday,Friday,Saturday,Sunday",
      "is_veg": true
    }
  },
  {
    "model": "main.item",
    "pk": "4c5d013e-e3cd-45ec-bb5f-e81188c42429",
    "fields": {
      "created": "2024-06-19T08:26:32Z",
      "updated": "2024-06-19T10:18:27.297Z",
      "creator": null,
      "is_active": true,
      "category": "58f1cc85-2d83-4f20-a880-99acd81980f0",
      "name": "Jeeraka Kanjhi / Porota",
      "image": "",
      "price": "10.00",
      "available_on": "Monday,Tuesday,Wednesday,Thursday,Friday,Saturday,Sunday",
      "is_veg": true
    }
  },
  {
    "model": "main.item",
    "pk": "507c43a1-e41f-4b94-ab09-1a36af97434c",
    "fields": {
      "created": "2024-06-19T08:26:32Z",
      "updated": "2024-06-19T10:18:27.310Z",
      "creator": null,
      "is_active": true,
      "category": "58f1cc85-2d83-4f20-a880-99acd81980f0",
      "name": "Mango Curry",
      "image": "",
      "price": "10.00",
      "available_on": "Monday,Tuesday,Wednesday,Thursday,Friday,Saturday,Sunday",
      "is_veg": true
    }
  },
  {
    "model": "main.item",
    "pk": "57e10acd-a0a0-4602-99c6-617319db8254",
    "fields": {
      "created": "2024-06-19T08:26:32Z",
      "updated": "2024-06-19T10:18:27.220Z",
      "creator": null,
      "is_active": true,
      "category": "9f27ad65-c843-45f9-a617-fe881afc9ca2",
      "name": "Chicken Burger",
      "image": "",
      "price": "10.00",
      "available_on": "Monday,Tuesday,Wednesday,Thursday,Friday,Saturday,Sunday",
      "is_veg": true
    }
  },
  {
    "model": "main.item",
    "pk": "64e0d8ff-50bd-417e-b852-976d403b86cf",
    "fields": {
      "created": "2024-06-19T08:26:32Z",
      "updated": "2024-06-19T10:18:27.307Z",
      "creator": null,
      "is_active": true,
      "category": "58f1cc85-2d83-4f20-a880-99acd81980f0",
      "name": "Kondattam & Upperi",
      "image": "",
      "price": "10.00",
      "available_on": "Monday,Tuesday,Wednesday,Thursday,Friday,Saturday,Sunday",
      "is_veg": true
    }
  },
  {
    "model": "main.item",
    "pk": "65235fef-371c-41cc-8cd0-8704b19a1beb",
    "fields": {
      "created": "2024-06-19T08:26:32Z",
      "updated": "2024-06-19T10:18:27.274Z",
      "creator": null,
      "is_active": true,
      "category": "58f1cc85-2d83-4f20-a880-99acd81980f0",
      "name": "Fish Fry",
      "image": "",
      "price": "10.00",
      "available_on": "Monday,Tuesday,Wednesday,Thursday,Friday,Saturday,Sunday",
      "is_veg": true
    }
  },
  {
    "model": "main.item",
    "pk": "70472346-f051-45b7-8b52-d789c152e167",
    "fields": {
      "created": "2024-06-19T08:26:32Z",
      "updated": "2024-06-19T10:18:27.294Z",
      "creator": null,
      "is_active": true,
      "category": "58f1cc85-2d83-4f20-a880-99acd81980f0",
      "name": "Idli",
      "image": "",
      "price": "10.00",
      "available_on": "Monday,Tuesday,Wednesday,Thursday,Friday,Saturday,Sunday",
      "is_veg": true
    }
  },
  {
    "model": "main.item",
    "pk": "76ce8cd2-714e-4726-a430-af995ad3cf02",
    "fields": {
      "created": "2024-06-19T08:26:32Z",
      "updated": "2024-06-19T10:18:27.375Z",
      "creator": null,
      "is_active": true,
      "category": "58f1cc85-2d83-4f20-a880-99acd81980f0",
      "name": "Veg Curry",
      "image": "",
      "price": "10.00",
      "available_on": "Monday,Tuesday,Wednesday,Thursday,Friday,Saturday,Sunday",
      "is_veg": true
    }
  },
  {
    "model": "main.item",
    "pk": "7a993110-b393-46e6-8ce9-422cc8772301",
    "fields": {
      "created": "2024-06-19T08:26:32Z",
      "updated": "2024-06-19T10:18:27.228Z",
      "creator": null,
      "is_active": true,
      "category": "58f1cc85-2d83-4f20-a880-99acd81980f0",
      "name": "Chicken Fry",
      "image": "",
      "price": "10.00",
      "available_on": "Monday,Tuesday,Wednesday,Thursday,Friday,Saturday,Sunday",
      "is_veg": true
    }
  },
  {
    "model": "main.item",
    "pk": "7c8b0cc8-7b69-4fa5-b4db-266dc6c29028",
    "fields": {
      "created": "2024-06-19T08:26:32Z",
      "updated": "2024-06-19T10:18:27.390Z",
      "creator": null,
      "is_active": true,
      "category": "58f1cc85-2d83-4f20-a880-99acd81980f0",
      "name": "White Chena special Masala",
      "image": "",
      "price": "10.00",
      "available_on": "Monday,Tuesday,Wednesday,Thursday,Friday,Saturday,Sunday",
      "is_veg": true
    }
  },
  {
    "model": "main.item",
    "pk": "809af9ef-025a-46a5-9f07-6b3f5ddb7e48",
    "fields": {
      "created": "2024-06-19T08:26:32Z",
      "updated": "2024-06-19T10:18:27.233Z",
      "creator": null,
      "is_active": true,
      "category": "58f1cc85-2d83-4f20-a880-99acd81980f0",
      "name": "Chicken Kuruma",
      "image": "",
      "price": "10.00",
      "available_on": "Monday,Tuesday,Wednesday,Thursday,Friday,Saturday,Sunday",
      "is_veg": true
    }
  },
  {
    "model": "main.item",
    "pk": "81454917-1e4a-4a4f-a3dd-6112c14e8b80",
    "fields": {
      "created": "2024-06-19T08:26:32Z",
      "updated": "2024-06-19T10:18:27.319Z",
      "creator": null,
      "is_active": true,
      "category": "e740d494-a67c-4c4a-816b-601ad874beba",
      "name": "Onion Pakoda",
      "image": "",
      "price": "10.00",
      "available_on": "Monday,Tuesday,Wednesday,Thursday,Friday,Saturday,Sunday",
      "is_veg": true
    }
  },
  {
    "model": "main.item",
    "pk": "832a153e-8170-4532-bdab-51254110cbc2",
    "fields": {
      "created": "2024-06-19T08:26:32Z",
      "updated": "2024-06-19T10:18:27.289Z",
      "creator": null,
      "is_active": true,
      "category": "58f1cc85-2d83-4f20-a880-99acd81980f0",
      "name": "Hyb Chicken Biriyani",
      "image": "",
      "price": "10.00",
      "available_on": "Monday,Tuesday,Wednesday,Thursday,Friday,Saturday,Sunday",
      "is_veg": true
    }
  },
  {
    "model": "main.item",
    "pk": "837de91b-deff-42d1-87e2-a06e13f78ce1",
    "fields": {
      "created": "2024-06-19T08:26:32Z",
      "updated": "2024-06-19T10:18:27.279Z",
      "creator": null,
      "is_active": true,
      "category": "58f1cc85-2d83-4f20-a880-99acd81980f0",
      "name": "Ghee Rice",
      "image": "",
      "price": "10.00",
      "available_on": "Monday,Tuesday,Wednesday,Thursday,Friday,Saturday,Sunday",
      "is_veg": true
    }
  },
  {
    "model": "main.item",
    "pk": "839b531b-0c73-4907-81ad-0f37a5733e88",
    "fields": {
      "created": "2024-06-19T08:26:32Z",
      "updated": "2024-06-19T10:18:27.353Z",
      "creator": null,
      "is_active": true,
      "category": "58f1cc85-2d83-4f20-a880-99acd81980f0",
      "name": "Soya Rost",
      "image": "",
      "price": "10.00",
      "available_on": "Monday,Tuesday,Wednesday,Thursday,Friday,Saturday,Sunday",
      "is_veg": true
    }
  },
  {
    "model": "main.item",
    "pk": "85a4380e-ecc4-462e-8e9d-a4a83ccb80c3",
    "fields": {
      "created": "2024-06-19T08:26:32Z",
      "updated": "2024-06-19T10:18:27.358Z",
      "creator": null,
      "is_active": true,
      "category": "58f1cc85-2d83-4f20-a880-99acd81980f0",
      "name": "Soya fry",
      "image": "",
      "price": "10.00",
      "available_on": "Monday,Tuesday,Wednesday,Thursday,Friday,Saturday,Sunday",
      "is_veg": true
    }
  },
  {
    "model": "main.item",
    "pk": "8cc71ab1-7fe1-43f4-89e6-4b55d6b22e3f",
    "fields": {
      "created": "2024-06-19T08:26:32Z",
      "updated": "2024-06-19T10:18:27.382Z",
      "creator": null,
      "is_active": true,
      "category": "9f27ad65-c843-45f9-a617-fe881afc9ca2",
      "name": "Veg Sandwich",
      "image": "",
      "price": "10.00",
      "available_on": "Monday,Tuesday,Wednesday,Thursday,Friday,Saturday,Sunday",
      "is_veg": true
    }
  },
  {
    "model": "main.item",
    "pk": "8fa096a6-26df-425e-8f58-544d8a30feb2",
    "fields": {
      "created": "2024-06-19T08:26:32Z",
      "updated": "2024-06-19T10:18:27.300Z",
      "creator": null,
      "is_active": true,
      "category": "58f1cc85-2d83-4f20-a880-99acd81980f0",
      "name": "Kappa",
      "image": "",
      "price": "10.00",
      "available_on": "Monday,Tuesday,Wednesday,Thursday,Friday,Saturday,Sunday",
      "is_veg": true
    }
  },
  {
    "model": "main.item",
    "pk": "8fcdbe7c-e7ae-4e02-b0cc-c9aabad32f8e",
    "fields": {
      "created": "2024-06-19T08:26:32Z",
      "updated": "2024-06-19T10:18:27.245Z",
      "creator": null,
      "is_active": true,
      "category": "58f1cc85-2d83-4f20-a880-99acd81980f0",
      "name": "Chicken Sukka",
      "image": "",
      "price": "10.00",
      "available_on": "Monday,Tuesday,Wednesday,Thursday,Friday,Saturday,Sunday",
      "is_veg": true
    }
  },
  {
    "model": "main.item",
    "pk": "9125fb87-e107-4e4d-a3e0-f3e1bc36a108",
    "fields": {
      "created": "2024-06-19T08:26:32Z",
      "updated": "2024-06-19T10:18:27.271Z",
      "creator": null,
      "is_active": true,
      "category": "58f1cc85-2d83-4f20-a880-99acd81980f0",
      "name": "Fish Cury",
      "image": "",
      "price": "10.00",
      "available_on": "Monday,Tuesday,Wednesday,Thursday,Friday,Saturday,Sunday",
      "is_veg": true
    }
  },
  {
    "model": "main.item",
    "pk": "9185f396-dffe-4327-8fea-eac0c142d998",
    "fields": {
      "created": "2024-06-19T08:26:32Z",
      "updated": "2024-06-19T10:18:27.223Z",
      "creator": null,
      "is_active": true,
      "category": "58f1cc85-2d83-4f20-a880-99acd81980f0",
      "name": "Chicken Curry",
      "image": "",
      "price": "10.00",
      "available_on": "Monday,Tuesday,Wednesday,Thursday,Friday,Saturday,Sunday",
      "is_veg": true
    }
  },
  {
    "model": "main.item",
    "pk": "94f045a1-b5c4-4463-9ddd-59d8f3ddba2a",
    "fields": {
      "created": "2024-06-19T08:26:32Z",
      "updated": "2024-06-19T10:18:27.269Z",
      "creator": null,
      "is_active": true,
      "category": "1ba0cf6b-e8e4-4fed-ae8a-0f72e7c622d5",
      "name": "Filter Coffee",
      "image": "",
      "price": "10.00",
      "available_on": "Monday,Tuesday,Wednesday,Thursday,Friday,Saturday,Sunday",
      "is_veg": true
    }
  },
  {
    "model": "main.item",
    "pk": "9cab45e8-0692-462e-ad60-e12592f9d9b8",
    "fields": {
      "created": "2024-06-19T08:26:32Z",
      "updated": "2024-06-19T10:18:27.259Z",
      "creator": null,
      "is_active": true,
      "category": "58f1cc85-2d83-4f20-a880-99acd81980f0",
      "name": "Dal Curry & Yogurt",
      "image": "",
      "price": "10.00",
      "available_on": "Monday,Tuesday,Wednesday,Thursday,Friday,Saturday,Sunday",
      "is_veg": true
    }
  },
  {
    "model": "main.item",
    "pk": "9d66bf35-80a0-46c5-98ce-aa52cb908198",
    "fields": {
      "created": "2024-06-19T08:26:32Z",
      "updated": "2024-06-19T10:18:27.202Z",
      "creator": null,
      "is_active": true,
      "category": "58f1cc85-2d83-4f20-a880-99acd81980f0",
      "name": "Butter Chicken",
      "image": "",
      "price": "10.00",
      "available_on": "Monday,Tuesday,Wednesday,Thursday,Friday,Saturday,Sunday",
      "is_veg": true
    }
  },
  {
    "model": "main.item",
    "pk": "9e1a319b-5a58-4c7f-b12a-7cbd89cea11f",
    "fields": {
      "created": "2024-06-19T08:26:32Z",
      "updated": "2024-06-19T10:18:27.251Z",
      "creator": null,
      "is_active": true,
      "category": "58f1cc85-2d83-4f20-a880-99acd81980f0",
      "name": "Chilly Gobi",
      "image": "",
      "price": "10.00",
      "available_on": "Monday,Tuesday,Wednesday,Thursday,Friday,Saturday,Sunday",
      "is_veg": true
    }
  },
  {
    "model": "main.item",
    "pk": "a1e26419-c96d-4c2b-929a-b0d8bd363829",
    "fields": {
      "created": "2024-06-19T08:26:32Z",
      "updated": "2024-06-19T10:18:27.242Z",
      "creator": null,
      "is_active": true,
      "category": "58f1cc85-2d83-4f20-a880-99acd81980f0",
      "name": "Chicken Stew",
      "image": "",
      "price": "10.00",
      "available_on": "Monday,Tuesday,Wednesday,Thursday,Friday,Saturday,Sunday",
      "is_veg": true
    }
  },
  {
    "model": "main.item",
    "pk": "a2a660b5-f18c-4c3d-8218-3b223edb79df",
    "fields": {
      "created": "2024-06-19T08:26:32Z",
      "updated": "2024-06-19T10:18:27.261Z",
      "creator": null,
      "is_active": true,
      "category": "58f1cc85-2d83-4f20-a880-99acd81980f0",
      "name": "Dal Tadka",
      "image": "",
      "price": "10.00",
      "available_on": "Monday,Tuesday,Wednesday,Thursday,Friday,Saturday,Sunday",
      "is_veg": true
    }
  },
  {
    "model": "main.item",
    "pk": "a68e1794-2b49-4421-bd07-42f5e7771b8e",
    "fields": {
      "created": "2024-06-19T08:26:32Z",
      "updated": "2024-06-19T10:18:27.248Z",
      "creator": null,
      "is_active": true,
      "category": "58f1cc85-2d83-4f20-a880-99acd81980f0",
      "name": "Chicken Varutharachath",
      "image": "",
      "price": "10.00",
      "available_on": "Monday,Tuesday,Wednesday,Thursday,Friday,Saturday,Sunday",
      "is_veg": true
    }
  },
  {
    "model": "main.item",
    "pk": "a7cfb912-6ee5-4191-b364-effdc0b47a4e",
    "fields": {
      "created": "2024-06-19T08:26:32Z",
      "updated": "2024-06-19T10:18:27.237Z",
      "creator": null,
      "is_active": true,
      "category": "58f1cc85-2d83-4f20-a880-99acd81980f0",
      "name": "Chicken Machboos",
      "image": "",
      "price": "10.00",
      "available_on": "Monday,Tuesday,Wednesday,Thursday,Friday,Saturday,Sunday",
      "is_veg": true
    }
  },
  {
    "model": "main.item",
    "pk": "ae5885b5-6969-4f2c-86ad-bdc53ddcd2bb",
    "fields": {
      "created": "2024-06-19T08:26:32Z",
      "updated": "2024-06-19T10:18:27.328Z",
      "creator": null,
      "is_active": true,
      "category": "e9ac04a9-3243-4941-b014-40ec4f2de6dd",
      "name": "Payasam",
      "image": "",
      "price": "10.00",
      "available_on": "Monday,Tuesday,Wednesday,Thursday,Friday,Saturday,Sunday",
      "is_veg": true
    }
  },
  {
    "model": "main.item",
    "pk": "afd6016b-217c-4f89-9a2a-c2c6027def21",
    "fields": {
      "created": "2024-06-19T08:26:32Z",
      "updated": "2024-06-19T10:18:27.226Z",
      "creator": null,
      "is_active": true,
      "category": "58f1cc85-2d83-4f20-a880-99acd81980f0",
      "name": "Chicken Dry Fry",
      "image": "",
      "price": "10.00",
      "available_on": "Monday,Tuesday,Wednesday,Thursday,Friday,Saturday,Sunday",
      "is_veg": true
    }
  },
  {
    "model": "main.item",
    "pk": "b483c5ff-c629-4c18-b06a-f9640a4436eb",
    "fields": {
      "created": "2024-06-19T08:26:32Z",
      "updated": "2024-06-19T10:18:27.343Z",
      "creator": null,
      "is_active": true,
      "category": "58f1cc85-2d83-4f20-a880-99acd81980f0",
      "name": "Sambar, Chutney 2 Types",
      "image": "",
      "price": "10.00",
      "available_on": "Monday,Tuesday,Wednesday,Thursday,Friday,Saturday,Sunday",
      "is_veg": true
    }
  },
  {
    "model": "main.item",
    "pk": "b63d0236-fc7d-4377-8c74-2c74da067cfa",
    "fields": {
      "created": "2024-06-19T08:26:32Z",
      "updated": "2024-06-19T10:18:27.276Z",
      "creator": null,
      "is_active": true,
      "category": "58f1cc85-2d83-4f20-a880-99acd81980f0",
      "name": "Fish Mango Curry",
      "image": "",
      "price": "10.00",
      "available_on": "Monday,Tuesday,Wednesday,Thursday,Friday,Saturday,Sunday",
      "is_veg": true
    }
  },
  {
    "model": "main.item",
    "pk": "b6db3697-82cc-448a-a43a-607a248cec7f",
    "fields": {
      "created": "2024-06-19T08:26:32Z",
      "updated": "2024-06-19T10:18:27.385Z",
      "creator": null,
      "is_active": true,
      "category": "58f1cc85-2d83-4f20-a880-99acd81980f0",
      "name": "Veg Stew",
      "image": "",
      "price": "10.00",
      "available_on": "Monday,Tuesday,Wednesday,Thursday,Friday,Saturday,Sunday",
      "is_veg": true
    }
  },
  {
    "model": "main.item",
    "pk": "b90fd3f5-9a64-4d0d-a114-747d951366ad",
    "fields": {
      "created": "2024-06-19T08:26:32Z",
      "updated": "2024-06-19T10:18:27.208Z",
      "creator": null,
      "is_active": true,
      "category": "58f1cc85-2d83-4f20-a880-99acd81980f0",
      "name": "Chammandhi & Yogurt",
      "image": "",
      "price": "10.00",
      "available_on": "Monday,Tuesday,Wednesday,Thursday,Friday,Saturday,Sunday",
      "is_veg": true
    }
  },
  {
    "model": "main.item",
    "pk": "c0436c49-e6b0-4c08-b590-f770f3fa0dfa",
    "fields": {
      "created": "2024-06-19T08:26:32Z",
      "updated": "2024-06-19T10:18:27.368Z",
      "creator": null,
      "is_active": true,
      "category": "58f1cc85-2d83-4f20-a880-99acd81980f0",
      "name": "Upperi",
      "image": "",
      "price": "10.00",
      "available_on": "Monday,Tuesday,Wednesday,Thursday,Friday,Saturday,Sunday",
      "is_veg": true
    }
  },
  {
    "model": "main.item",
    "pk": "c258af87-3abb-4a53-803e-18628f8b051c",
    "fields": {
      "created": "2024-06-19T08:26:32Z",
      "updated": "2024-06-19T10:18:27.198Z",
      "creator": null,
      "is_active": true,
      "category": "58f1cc85-2d83-4f20-a880-99acd81980f0",
      "name": "Barik/Motta",
      "image": "",
      "price": "10.00",
      "available_on": "Monday,Tuesday,Wednesday,Thursday,Friday,Saturday,Sunday",
      "is_veg": true
    }
  },
  {
    "model": "main.item",
    "pk": "c539b984-d214-4a5e-ac86-b501e6623718",
    "fields": {
      "created": "2024-06-19T08:26:32Z",
      "updated": "2024-06-19T10:18:27.334Z",
      "creator": null,
      "is_active": true,
      "category": "98284f92-8000-46fa-a747-74d2466f1dd8",
      "name": "Plain Dosha",
      "image": "",
      "price": "10.00",
      "available_on": "Monday,Tuesday,Wednesday,Thursday,Friday,Saturday,Sunday",
      "is_veg": true
    }
  },
  {
    "model": "main.item",
    "pk": "d1126884-3cd7-4990-900b-9bb370dc9334",
    "fields": {
      "created": "2024-06-19T08:26:32Z",
      "updated": "2024-06-19T10:18:27.305Z",
      "creator": null,
      "is_active": true,
      "category": "58f1cc85-2d83-4f20-a880-99acd81980f0",
      "name": "Kondattam",
      "image": "",
      "price": "10.00",
      "available_on": "Monday,Tuesday,Wednesday,Thursday,Friday,Saturday,Sunday",
      "is_veg": true
    }
  },
  {
    "model": "main.item",
    "pk": "d4e9ef27-c44a-4335-952a-8048832a2c01",
    "fields": {
      "created": "2024-06-19T08:26:32Z",
      "updated": "2024-06-19T10:18:27.215Z",
      "creator": null,
      "is_active": true,
      "category": "58f1cc85-2d83-4f20-a880-99acd81980f0",
      "name": "Cherupayaru",
      "image": "",
      "price": "10.00",
      "available_on": "Monday,Tuesday,Wednesday,Thursday,Friday,Saturday,Sunday",
      "is_veg": true
    }
  },
  {
    "model": "main.item",
    "pk": "d52bc39b-444b-4211-94d9-7185fc020382",
    "fields": {
      "created": "2024-06-19T08:26:32Z",
      "updated": "2024-06-19T10:18:27.192Z",
      "creator": null,
      "is_active": true,
      "category": "58f1cc85-2d83-4f20-a880-99acd81980f0",
      "name": "Aloo Mattar",
      "image": "",
      "price": "10.00",
      "available_on": "Monday,Tuesday,Wednesday,Thursday,Friday,Saturday,Sunday",
      "is_veg": true
    }
  },
  {
    "model": "main.item",
    "pk": "d80ee5e6-a602-4f1d-9fdd-d6c505aac944",
    "fields": {
      "created": "2024-06-19T08:26:32Z",
      "updated": "2024-06-19T10:18:27.355Z",
      "creator": null,
      "is_active": true,
      "category": "58f1cc85-2d83-4f20-a880-99acd81980f0",
      "name": "Soya Varutharachathu",
      "image": "",
      "price": "10.00",
      "available_on": "Monday,Tuesday,Wednesday,Thursday,Friday,Saturday,Sunday",
      "is_veg": true
    }
  },
  {
    "model": "main.item",
    "pk": "e25bca95-6232-4659-b52f-de892e9f5919",
    "fields": {
      "created": "2024-06-19T08:26:32Z",
      "updated": "2024-06-19T10:18:27.313Z",
      "creator": null,
      "is_active": true,
      "category": "1ba0cf6b-e8e4-4fed-ae8a-0f72e7c622d5",
      "name": "Masala Chai",
      "image": "",
      "price": "10.00",
      "available_on": "Monday,Tuesday,Wednesday,Thursday,Friday,Saturday,Sunday",
      "is_veg": true
    }
  },
  {
    "model": "main.item",
    "pk": "e25c19a0-9efb-4e9f-9afc-44c0f4ae44d9",
    "fields": {
      "created": "2024-06-19T08:26:32Z",
      "updated": "2024-06-19T10:18:27.348Z",
      "creator": null,
      "is_active": true,
      "category": "58f1cc85-2d83-4f20-a880-99acd81980f0",
      "name": "Side curry",
      "image": "",
      "price": "10.00",
      "available_on": "Monday,Tuesday,Wednesday,Thursday,Friday,Saturday,Sunday",
      "is_veg": true
    }
  },
  {
    "model": "main.item",
    "pk": "e4beae3f-b7e6-452e-837d-289009f8f547",
    "fields": {
      "created": "2024-06-19T08:26:32Z",
      "updated": "2024-06-19T10:18:27.254Z",
      "creator": null,
      "is_active": true,
      "category": "f0a13456-9c92-45f5-841d-d0b08f72cc63",
      "name": "Cucumber Raita",
      "image": "",
      "price": "10.00",
      "available_on": "Monday,Tuesday,Wednesday,Thursday,Friday,Saturday,Sunday",
      "is_veg": true
    }
  },
  {
    "model": "main.item",
    "pk": "e773402d-6949-4f0b-b288-bfec2da1288a",
    "fields": {
      "created": "2024-06-19T08:26:32Z",
      "updated": "2024-06-19T10:18:27.302Z",
      "creator": null,
      "is_active": true,
      "category": "98284f92-8000-46fa-a747-74d2466f1dd8",
      "name": "Kerala Porotta",
      "image": "",
      "price": "10.00",
      "available_on": "Monday,Tuesday,Wednesday,Thursday,Friday,Saturday,Sunday",
      "is_veg": true
    }
  },
  {
    "model": "main.item",
    "pk": "ea27fa6b-594b-47ba-bd47-c0ecc3522398",
    "fields": {
      "created": "2024-06-19T08:26:32Z",
      "updated": "2024-06-19T10:18:27.210Z",
      "creator": null,
      "is_active": true,
      "category": "58f1cc85-2d83-4f20-a880-99acd81980f0",
      "name": "Chammanthi / Veg Kuruma",
      "image": "",
      "price": "10.00",
      "available_on": "Monday,Tuesday,Wednesday,Thursday,Friday,Saturday,Sunday",
      "is_veg": true
    }
  },
  {
    "model": "main.item",
    "pk": "eafb378a-a5f9-48de-bfa6-835a032087d9",
    "fields": {
      "created": "2024-06-19T08:26:32Z",
      "updated": "2024-06-19T10:18:27.205Z",
      "creator": null,
      "is_active": true,
      "category": "58f1cc85-2d83-4f20-a880-99acd81980f0",
      "name": "Chammandhi",
      "image": "",
      "price": "10.00",
      "available_on": "Monday,Tuesday,Wednesday,Thursday,Friday,Saturday,Sunday",
      "is_veg": true
    }
  },
  {
    "model": "main.item",
    "pk": "f0a5e27e-ca8f-4994-9074-e0b43dfb55fa",
    "fields": {
      "created": "2024-06-19T08:26:32Z",
      "updated": "2024-06-19T10:18:27.397Z",
      "creator": null,
      "is_active": true,
      "category": "58f1cc85-2d83-4f20-a880-99acd81980f0",
      "name": "Yogurt curry",
      "image": "",
      "price": "10.00",
      "available_on": "Monday,Tuesday,Wednesday,Thursday,Friday,Saturday,Sunday",
      "is_veg": true
    }
  },
  {
    "model": "main.item",
    "pk": "f1dde898-cba7-465c-a369-bedf5a961cdc",
    "fields": {
      "created": "2024-06-19T08:26:32Z",
      "updated": "2024-06-19T10:18:27.351Z",
      "creator": null,
      "is_active": true,
      "category": "58f1cc85-2d83-4f20-a880-99acd81980f0",
      "name": "Soya Pulao",
      "image": "",
      "price": "10.00",
      "available_on": "Monday,Tuesday,Wednesday,Thursday,Friday,Saturday,Sunday",
      "is_veg": true
    }
  },
  {
    "model": "main.item",
    "pk": "f8fd2b2a-6501-435c-87ae-72f90533f8e5",
    "fields": {
      "created": "2024-06-19T08:26:32Z",
      "updated": "2024-06-19T10:18:27.331Z",
      "creator": null,
      "is_active": true,
      "category": "58f1cc85-2d83-4f20-a880-99acd81980f0",
      "name": "Pickle",
      "image": "",
      "price": "10.00",
      "available_on": "Monday,Tuesday,Wednesday,Thursday,Friday,Saturday,Sunday",
      "is_veg": true
    }
  },
  {
    "model": "main.item",
    "pk": "fdb0b504-8307-4113-a20d-c8ca3c459ad5",
    "fields": {
      "created": "2024-06-19T08:26:32Z",
      "updated": "2024-06-19T10:18:27.377Z",
      "creator": null,
      "is_active": true,
      "category": "58f1cc85-2d83-4f20-a880-99acd81980f0",
      "name": "Veg Kuruma",
      "image": "",
      "price": "10.00",
      "available_on": "Monday,Tuesday,Wednesday,Thursday,Friday,Saturday,Sunday",
      "is_veg": true
    }
  },
  {
    "model": "main.item",
    "pk": "ff6104a5-420f-459b-a099-5a73f02ff163",
    "fields": {
      "created": "2024-06-19T08:26:32Z",
      "updated": "2024-06-19T10:18:27.240Z",
      "creator": null,
      "is_active": true,
      "category": "58f1cc85-2d83-4f20-a880-99acd81980f0",
      "name": "Chicken Mandi",
      "image": "",
      "price": "10.00",
      "available_on": "Monday,Tuesday,Wednesday,Thursday,Friday,Saturday,Sunday",
      "is_veg": true
    }
  },
  {
    "model": "main.combo",
    "pk": "065614d5-0976-4e80-94cd-293c677be525",
    "fields": {
      "created": "2024-06-19T09:15:21.143Z",
      "updated": "2024-06-19T10:10:59.059Z",
      "creator": null,
      "is_active": true,
      "image": "",
      "name": "Ghee Rice, Chammandhi, Dal Curry & Yogurt, Papadam, Pickle, Soya Rost",
      "price": "10.00",
      "mealtype": "LUNCH",
      "week": 1,
      "available_on": "Monday",
      "is_veg": true,
      "is_default": true,
      "items": [
        "eafb378a-a5f9-48de-bfa6-835a032087d9",
        "9cab45e8-0692-462e-ad60-e12592f9d9b8",
        "837de91b-deff-42d1-87e2-a06e13f78ce1",
        "4492b1b1-82e2-4cdf-b7a8-5c05e563442a",
        "f8fd2b2a-6501-435c-87ae-72f90533f8e5",
        "839b531b-0c73-4907-81ad-0f37a5733e88"
      ]
    }
  },
  {
    "model": "main.combo",
    "pk": "0f0f91e0-d3a9-4084-a5a3-4d5a0310241c",
    "fields": {
      "created": "2024-06-19T10:46:31.855Z",
      "updated": "2024-06-19T10:46:31.858Z",
      "creator": null,
      "is_active": true,
      "image": "",
      "name": "Barik/Motta, Kondattam, Papadam, Pickle, Side curry, Upperi, Yogurt curry",
      "price": "10.00",
      "mealtype": "LUNCH",
      "week": 1,
      "available_on": "Thursday",
      "is_veg": true,
      "is_default": true,
      "items": [
        "c258af87-3abb-4a53-803e-18628f8b051c",
        "d1126884-3cd7-4990-900b-9bb370dc9334",
        "4492b1b1-82e2-4cdf-b7a8-5c05e563442a",
        "f8fd2b2a-6501-435c-87ae-72f90533f8e5",
        "e25c19a0-9efb-4e9f-9afc-44c0f4ae44d9",
        "c0436c49-e6b0-4c08-b590-f770f3fa0dfa",
        "f0a5e27e-ca8f-4994-9074-e0b43dfb55fa"
      ]
    }
  },
  {
    "model": "main.combo",
    "pk": "147c7fe3-bb56-4c38-9a9e-9a063cb8b7fb",
    "fields": {
      "created": "2024-06-19T09:03:50.003Z",
      "updated": "2024-06-19T10:09:30.205Z",
      "creator": null,
      "is_active": true,
      "image": "",
      "name": "Idiyappam, Veg Curry",
      "price": "10.00",
      "mealtype": "BREAKFAST",
      "week": 2,
      "available_on": "Monday",
      "is_veg": true,
      "is_default": true,
      "items": [
        "20934a9b-e83f-479c-9605-7253f4a94419",
        "76ce8cd2-714e-4726-a430-af995ad3cf02"
      ]
    }
  },
  {
    "model": "main.combo",
    "pk": "1a82e6ef-236d-46b8-bb8b-4198b67fe106",
    "fields": {
      "created": "2024-06-19T09:09:52.381Z",
      "updated": "2024-06-19T10:09:30.205Z",
      "creator": null,
      "is_active": true,
      "image": "",
      "name": "Idli, Sambar, Chutney 2 Types",
      "price": "10.00",
      "mealtype": "BREAKFAST",
      "week": 1,
      "available_on": "Sunday",
      "is_veg": true,
      "is_default": true,
      "items": [
        "70472346-f051-45b7-8b52-d789c152e167",
        "b483c5ff-c629-4c18-b06a-f9640a4436eb"
      ]
    }
  },
  {
    "model": "main.combo",
    "pk": "2353b946-2d1c-4435-bd06-4a2fe679d438",
    "fields": {
      "created": "2024-06-19T09:08:47.538Z",
      "updated": "2024-06-19T10:09:30.207Z",
      "creator": null,
      "is_active": true,
      "image": "",
      "name": "Plain Dosha, Sambar, Chutney 2 Types",
      "price": "10.00",
      "mealtype": "BREAKFAST",
      "week": 2,
      "available_on": "Friday",
      "is_veg": true,
      "is_default": true,
      "items": [
        "c539b984-d214-4a5e-ac86-b501e6623718",
        "b483c5ff-c629-4c18-b06a-f9640a4436eb"
      ]
    }
  },
  {
    "model": "main.combo",
    "pk": "35c1cf29-4a5f-4a58-a955-d9320e184299",
    "fields": {
      "created": "2024-06-19T10:44:53.164Z",
      "updated": "2024-06-19T10:45:07.020Z",
      "creator": null,
      "is_active": true,
      "image": "",
      "name": "Veg Biriyani, Chammandhi, Papadam, Pickle, Raitha",
      "price": "10.00",
      "mealtype": "LUNCH",
      "week": 1,
      "available_on": "Wednesday",
      "is_veg": true,
      "is_default": true,
      "items": [
        "eafb378a-a5f9-48de-bfa6-835a032087d9",
        "4492b1b1-82e2-4cdf-b7a8-5c05e563442a",
        "f8fd2b2a-6501-435c-87ae-72f90533f8e5",
        "2fb37f59-0ed3-4c83-95e0-4cf91cda693b",
        "2b89a4c4-8aa2-449f-9699-0e1b2034153f"
      ]
    }
  },
  {
    "model": "main.combo",
    "pk": "4577b309-87fc-4d00-bdc3-8d9aa17682d3",
    "fields": {
      "created": "2024-06-19T09:09:23.247Z",
      "updated": "2024-06-19T10:09:30.208Z",
      "creator": null,
      "is_active": true,
      "image": "",
      "name": "Soya Rost, Upma",
      "price": "10.00",
      "mealtype": "BREAKFAST",
      "week": 2,
      "available_on": "Saturday",
      "is_veg": true,
      "is_default": true,
      "items": [
        "839b531b-0c73-4907-81ad-0f37a5733e88",
        "3080d641-0f49-4761-8205-0a5f0104dd27"
      ]
    }
  },
  {
    "model": "main.combo",
    "pk": "52f21a30-fd2a-4f4a-a445-694e113aeadd",
    "fields": {
      "created": "2024-06-19T10:08:24.401Z",
      "updated": "2024-06-19T10:08:24.404Z",
      "creator": null,
      "is_active": true,
      "image": "",
      "name": "Sambar, Chutney 2 Types, Uthappam",
      "price": "10.00",
      "mealtype": "BREAKFAST",
      "week": 2,
      "available_on": "Wednesday",
      "is_veg": true,
      "is_default": true,
      "items": [
        "b483c5ff-c629-4c18-b06a-f9640a4436eb",
        "23ef2a90-c989-41aa-afb9-86c18c904fc9"
      ]
    }
  },
  {
    "model": "main.combo",
    "pk": "76ad0289-37c1-4591-93c1-8882b19da825",
    "fields": {
      "created": "2024-06-19T09:16:15.875Z",
      "updated": "2024-06-19T10:10:14.141Z",
      "creator": null,
      "is_active": true,
      "image": "",
      "name": "Barik/Motta, Papadam, Pickle, Sambar, Chutney 2 Types, Side curry, Yam Fry & Upperi",
      "price": "10.00",
      "mealtype": "LUNCH",
      "week": 1,
      "available_on": "Tuesday",
      "is_veg": true,
      "is_default": true,
      "items": [
        "c258af87-3abb-4a53-803e-18628f8b051c",
        "4492b1b1-82e2-4cdf-b7a8-5c05e563442a",
        "f8fd2b2a-6501-435c-87ae-72f90533f8e5",
        "b483c5ff-c629-4c18-b06a-f9640a4436eb",
        "e25c19a0-9efb-4e9f-9afc-44c0f4ae44d9",
        "05bc7183-b4d2-4bc3-950d-bf040bfa3b61"
      ]
    }
  },
  {
    "model": "main.combo",
    "pk": "8cae8746-abd0-4448-b355-47631295299e",
    "fields": {
      "created": "2024-06-19T09:07:36.629Z",
      "updated": "2024-06-19T10:09:30.203Z",
      "creator": null,
      "is_active": true,
      "image": "",
      "name": "Cherupayaru, Puttu",
      "price": "10.00",
      "mealtype": "BREAKFAST",
      "week": 2,
      "available_on": "Thursday",
      "is_veg": true,
      "is_default": true,
      "items": [
        "d4e9ef27-c44a-4335-952a-8048832a2c01",
        "0b40188c-95b1-4e3a-bbff-c32cbad7c19c"
      ]
    }
  },
  {
    "model": "main.combo",
    "pk": "ae3f80c4-cf2f-47ac-8f6b-ef973f7f083c",
    "fields": {
      "created": "2024-06-19T10:47:24.709Z",
      "updated": "2024-06-19T10:51:01.035Z",
      "creator": null,
      "is_active": true,
      "image": "",
      "name": "Veg Biriyani, Chammandhi, Papadam, Pickle, Raitha, Sweets",
      "price": "10.00",
      "mealtype": "LUNCH",
      "week": 1,
      "available_on": "Friday",
      "is_veg": true,
      "is_default": true,
      "items": [
        "eafb378a-a5f9-48de-bfa6-835a032087d9",
        "4492b1b1-82e2-4cdf-b7a8-5c05e563442a",
        "f8fd2b2a-6501-435c-87ae-72f90533f8e5",
        "2fb37f59-0ed3-4c83-95e0-4cf91cda693b",
        "0d1b6bb0-42ea-4d32-8962-22ecaaf28811",
        "2b89a4c4-8aa2-449f-9699-0e1b2034153f"
      ]
    }
  },
  {
    "model": "main.combo",
    "pk": "b0b87185-0c37-4617-9084-08e63e596f1a",
    "fields": {
      "created": "2024-06-19T10:09:26.065Z",
      "updated": "2024-06-19T10:09:26.067Z",
      "creator": null,
      "is_active": true,
      "image": "",
      "name": "Idli, Sambar, Chutney 2 Types",
      "price": "10.00",
      "mealtype": "BREAKFAST",
      "week": 2,
      "available_on": "Sunday",
      "is_veg": true,
      "is_default": true,
      "items": [
        "70472346-f051-45b7-8b52-d789c152e167",
        "b483c5ff-c629-4c18-b06a-f9640a4436eb"
      ]
    }
  },
  {
    "model": "main.combo",
    "pk": "b10ece9f-b8af-4450-8b78-52bd2de0f707",
    "fields": {
      "created": "2024-06-19T09:04:16.925Z",
      "updated": "2024-06-19T10:09:30.204Z",
      "creator": null,
      "is_active": true,
      "image": "",
      "name": "Green Peas Curry, Kerala Porotta",
      "price": "10.00",
      "mealtype": "BREAKFAST",
      "week": 2,
      "available_on": "Tuesday",
      "is_veg": true,
      "is_default": true,
      "items": [
        "0fcad338-68d6-40ae-aa49-2fe724a01e19",
        "e773402d-6949-4f0b-b288-bfec2da1288a"
      ]
    }
  },
  {
    "model": "main.combo",
    "pk": "b22c5583-f72f-40ae-8d72-8d99fc82a167",
    "fields": {
      "created": "2024-06-19T08:55:37.977Z",
      "updated": "2024-06-19T10:09:30.206Z",
      "creator": null,
      "is_active": true,
      "image": "",
      "name": "Plain Dosha, Sambar, Chutney 2 Types",
      "price": "10.00",
      "mealtype": "BREAKFAST",
      "week": 1,
      "available_on": "Friday",
      "is_veg": true,
      "is_default": true,
      "items": [
        "c539b984-d214-4a5e-ac86-b501e6623718",
        "b483c5ff-c629-4c18-b06a-f9640a4436eb"
      ]
    }
  },
  {
    "model": "main.combo",
    "pk": "be84b35b-162f-45bc-8bb2-fa49163a85ca",
    "fields": {
      "created": "2024-06-19T10:49:31.176Z",
      "updated": "2024-06-19T10:49:31.179Z",
      "creator": null,
      "is_active": true,
      "image": "",
      "name": "Barik/Motta, Mango Curry, Papadam, Pickle, Side curry, Soya fry, Upperi",
      "price": "10.00",
      "mealtype": "LUNCH",
      "week": 1,
      "available_on": "Saturday",
      "is_veg": true,
      "is_default": true,
      "items": [
        "c258af87-3abb-4a53-803e-18628f8b051c",
        "507c43a1-e41f-4b94-ab09-1a36af97434c",
        "4492b1b1-82e2-4cdf-b7a8-5c05e563442a",
        "f8fd2b2a-6501-435c-87ae-72f90533f8e5",
        "e25c19a0-9efb-4e9f-9afc-44c0f4ae44d9",
        "85a4380e-ecc4-462e-8e9d-a4a83ccb80c3",
        "c0436c49-e6b0-4c08-b590-f770f3fa0dfa"
      ]
    }
  },
  {
    "model": "main.combo",
    "pk": "c4e400b9-42bf-4471-9d6d-9fb0245580f6",
    "fields": {
      "created": "2024-06-19T08:43:04.012Z",
      "updated": "2024-06-19T10:09:30.206Z",
      "creator": null,
      "is_active": true,
      "image": "",
      "name": "Kerala Porotta, Veg Kuruma",
      "price": "10.00",
      "mealtype": "BREAKFAST",
      "week": 1,
      "available_on": "Tuesday",
      "is_veg": true,
      "is_default": true,
      "items": [
        "e773402d-6949-4f0b-b288-bfec2da1288a",
        "fdb0b504-8307-4113-a20d-c8ca3c459ad5"
      ]
    }
  },
  {
    "model": "main.combo",
    "pk": "c668be6c-7ada-47fd-a894-34f5fe356b4b",
    "fields": {
      "created": "2024-06-19T08:54:37.450Z",
      "updated": "2024-06-19T10:09:30.202Z",
      "creator": null,
      "is_active": true,
      "image": "",
      "name": "Black chena curry, Puttu",
      "price": "10.00",
      "mealtype": "BREAKFAST",
      "week": 1,
      "available_on": "Thursday",
      "is_veg": true,
      "is_default": true,
      "items": [
        "1a1c9334-cc2e-47a3-8ad0-4086bef51386",
        "0b40188c-95b1-4e3a-bbff-c32cbad7c19c"
      ]
    }
  },
  {
    "model": "main.combo",
    "pk": "cb5fec3a-1127-4130-8a7a-e9f29279a629",
    "fields": {
      "created": "2024-06-19T08:58:00.217Z",
      "updated": "2024-06-19T10:09:30.209Z",
      "creator": null,
      "is_active": true,
      "image": "",
      "name": "Sugar & Banana, Upma",
      "price": "10.00",
      "mealtype": "BREAKFAST",
      "week": 1,
      "available_on": "Saturday",
      "is_veg": true,
      "is_default": true,
      "items": [
        "34167929-c4b4-412a-b1ad-c7b7bb705643",
        "3080d641-0f49-4761-8205-0a5f0104dd27"
      ]
    }
  },
  {
    "model": "main.combo",
    "pk": "d292bb0f-242b-47a9-a392-5f59525e9d15",
    "fields": {
      "created": "2024-06-19T10:50:25.010Z",
      "updated": "2024-06-19T10:50:44.362Z",
      "creator": null,
      "is_active": true,
      "image": "",
      "name": "Veg Pulao, Chammandhi, Gravy, Papadam, Pickle, Soya Pulao",
      "price": "10.00",
      "mealtype": "LUNCH",
      "week": 1,
      "available_on": "Sunday",
      "is_veg": true,
      "is_default": true,
      "items": [
        "eafb378a-a5f9-48de-bfa6-835a032087d9",
        "4988707f-00a9-4a05-8b8b-5610d335b6a0",
        "4492b1b1-82e2-4cdf-b7a8-5c05e563442a",
        "f8fd2b2a-6501-435c-87ae-72f90533f8e5",
        "f1dde898-cba7-465c-a369-bedf5a961cdc",
        "3167bdd3-2093-4782-93e9-f326f84fe7f7"
      ]
    }
  },
  {
    "model": "main.combo",
    "pk": "d7886f93-a080-48c5-b4fd-ebc63145a660",
    "fields": {
      "created": "2024-06-19T09:07:03.791Z",
      "updated": "2024-06-19T10:09:30.208Z",
      "creator": null,
      "is_active": true,
      "image": "",
      "name": "Sambar, Chutney 2 Types, Uthappam",
      "price": "10.00",
      "mealtype": "BREAKFAST",
      "week": 1,
      "available_on": "Wednesday",
      "is_veg": true,
      "is_default": true,
      "items": [
        "b483c5ff-c629-4c18-b06a-f9640a4436eb",
        "23ef2a90-c989-41aa-afb9-86c18c904fc9"
      ]
    }
  },
  {
    "model": "main.combo",
    "pk": "f37bea70-2399-40da-85e8-f554f8c941bc",
    "fields": {
      "created": "2024-06-19T08:40:39.091Z",
      "updated": "2024-06-19T08:41:56.253Z",
      "creator": null,
      "is_active": true,
      "image": "",
      "name": "Idiyappam, Veg Stew",
      "price": "10.00",
      "mealtype": "BREAKFAST",
      "week": 1,
      "available_on": "Monday",
      "is_veg": true,
      "is_default": true,
      "items": [
        "20934a9b-e83f-479c-9605-7253f4a94419",
        "b6db3697-82cc-448a-a43a-607a248cec7f"
      ]
    }
  },
  {
    "model": "users.customuser",
    "pk": 1,
    "fields": {
      "password": "pbkdf2_sha256$600000$u96SGXpDm6bbz1CIidtxFq$FWGEA3b3bi/522kMcj2DXJ0x1Um1OqG0qaOYbfyOXmg=",
      "last_login": "2024-06-19T07:11:11.284Z",
      "is_superuser": true,
      "username": "pvanfas",
      "first_name": "",
      "last_name": "",
      "email": "",
      "is_staff": true,
      "is_active": true,
      "date_joined": "2024-06-19T07:08:22.508Z",
      "usertype": "Student",
      "groups": [],
      "user_permissions": []
    }
  },
  {
    "model": "users.customuser",
    "pk": 2,
    "fields": {
      "password": "pbkdf2_sha256$600000$PGofjM4JlS9SaAeTdxUcve$rfWoedWyeM60+vnlu423/E5jhjw12MQPYISPGVVA4VI=",
      "last_login": null,
      "is_superuser": false,
      "username": "user_one",
      "first_name": "",
      "last_name": "",
      "email": "",
      "is_staff": false,
      "is_active": true,
      "date_joined": "2024-06-19T09:17:44.304Z",
      "usertype": "User",
      "groups": [],
      "user_permissions": []
    }
  },
  {
    "model": "users.customuser",
    "pk": 3,
    "fields": {
      "password": "pbkdf2_sha256$600000$vOECC4WWEeFyHnZtMynHZP$rna/FHmQ6/JWG63cvnQ+AvQ930pxV1II2e0k8hBZytc=",
      "last_login": null,
      "is_superuser": false,
      "username": "user_two",
      "first_name": "",
      "last_name": "",
      "email": "",
      "is_staff": false,
      "is_active": true,
      "date_joined": "2024-06-19T09:17:57.163Z",
      "usertype": "User",
      "groups": [],
      "user_permissions": []
    }
  },
  {
    "model": "users.customuser",
    "pk": 4,
    "fields": {
      "password": "pbkdf2_sha256$600000$izuqq93uM9qLCFvHPrdCnn$Yl0PzqwJ+UYK+HzlcudsHBqbKNtEWy/uS6oKHHAIU4M=",
      "last_login": null,
      "is_superuser": false,
      "username": "user_three",
      "first_name": "",
      "last_name": "",
      "email": "",
      "is_staff": false,
      "is_active": true,
      "date_joined": "2024-06-19T09:18:20.375Z",
      "usertype": "User",
      "groups": [],
      "user_permissions": []
    }
  },
  {
    "model": "users.customuser",
    "pk": 5,
    "fields": {
      "password": "pbkdf2_sha256$600000$BrXqaZM7i3mdxXy5vclyCq$fo4i//CLhwb7IvmouUTCDFVIeA9B66jnVOZqEv/8TQ4=",
      "last_login": null,
      "is_superuser": false,
      "username": "user_four",
      "first_name": "",
      "last_name": "",
      "email": "",
      "is_staff": false,
      "is_active": true,
      "date_joined": "2024-06-19T09:18:30.224Z",
      "usertype": "User",
      "groups": [],
      "user_permissions": []
    }
  }
]
