[{"model": "admin_interface.theme", "pk": 1, "fields": {"name": "Main", "active": true, "title": "Alot Administration", "title_color": "#F5DD5D", "title_visible": true, "logo": "", "logo_color": "#FFFFFF", "logo_max_width": 400, "logo_max_height": 100, "logo_visible": false, "favicon": "", "env_name": "", "env_color": "#E74C3C", "env_visible_in_header": true, "env_visible_in_favicon": true, "language_chooser_active": true, "language_chooser_control": "default-select", "language_chooser_display": "code", "css_header_background_color": "#0C4B33", "css_header_text_color": "#44B78B", "css_header_link_color": "#FFFFFF", "css_header_link_hover_color": "#C9F0DD", "css_module_background_color": "#44B78B", "css_module_background_selected_color": "#FFFFCC", "css_module_text_color": "#FFFFFF", "css_module_link_color": "#FFFFFF", "css_module_link_selected_color": "#FFFFFF", "css_module_link_hover_color": "#C9F0DD", "css_module_rounded_corners": true, "css_generic_link_color": "#0C3C26", "css_generic_link_hover_color": "#156641", "css_generic_link_active_color": "#29B864", "css_save_button_background_color": "#0C4B33", "css_save_button_background_hover_color": "#0C3C26", "css_save_button_text_color": "#FFFFFF", "css_delete_button_background_color": "#BA2121", "css_delete_button_background_hover_color": "#A41515", "css_delete_button_text_color": "#FFFFFF", "related_modal_active": true, "related_modal_background_color": "#000000", "related_modal_background_opacity": "0.3", "related_modal_rounded_corners": true, "related_modal_close_button_visible": true, "list_filter_highlight": true, "list_filter_dropdown": true, "list_filter_sticky": true, "list_filter_removal_links": false, "foldable_apps": true, "show_fieldsets_as_tabs": false, "show_inlines_as_tabs": true, "collapsible_stacked_inlines": false, "collapsible_stacked_inlines_collapsed": true, "collapsible_tabular_inlines": false, "collapsible_tabular_inlines_collapsed": true, "recent_actions_visible": true, "form_submit_sticky": true, "form_pagination_sticky": false}}, {"model": "sessions.session", "pk": "b8q1ml7e3gjr23b36ntecuhdjy6q33mm", "fields": {"session_data": ".eJxVjEEOwiAQRe_C2hDbAjPj0n3P0MAMSNVAUtqV8e7apAvd_vfef6nJb2uethaXaRZ1UUadfrfg-RHLDuTuy61qrmVd5qB3RR-06bFKfF4P9-8g-5a_tUPk4Nja4KzvMRjLbICICSQidQBJHCUhCAxDGhA74HPqQZxhR6DeH-R-N7w:1scKsd:gZ7jm2WUSNifcay_fz9TQxN9fbILr_uWC2hJIrq4ZbI", "expire_date": "2024-08-23T08:21:47.751Z"}}, {"model": "sessions.session", "pk": "ip6b4nkzvetz4kat5u0rv36tqy574r8r", "fields": {"session_data": ".eJxVjEEOwiAQRe_C2hBomXZw6d4zkBkYpGpoUtqV8e7apAvd_vfef6lA21rC1mQJU1JnZdXpd2OKD6k7SHeqt1nHua7LxHpX9EGbvs5JnpfD_Tso1Mq3NgN4Lw4lOz_GHhNYZECfe3KEAoLAaHw2OY3Rdt0AQjZn9swCDKDeH9j9OCo:1sahOX:T7KAMKfOyP4HyxeSvTlRI3poWllXeP4TSGJiN36O5Kc", "expire_date": "2024-08-18T19:59:57.923Z"}}, {"model": "sessions.session", "pk": "j5ipo98a9rcq84l92dudv0kb9xsu019y", "fields": {"session_data": ".eJxVjDkOwjAUBe_iGlleY5uSPmew_mJwADlSnFSIu0OkFNC-mXkvkWFba956WfLE4iy0OP1uCPQobQd8h3abJc1tXSaUuyIP2uU4c3leDvfvoEKv35p0tE4N4I3FYmNQ8RrQB6eZTVA6lQSQBgiJ0HmkZLVl48E7F9EVJPH-AMOaN3E:1sUN3D:OPb7KnCxrgkp3OxaZuPQfEft1L0ZylworAKScme74vI", "expire_date": "2024-08-01T09:03:47.608Z"}}, {"model": "sessions.session", "pk": "o981zs6nfd6l4nsuvrfo9qwbx3eu16gh", "fields": {"session_data": ".eJxVjDsOwjAQBe_iGlnrXdtxKOk5g7X-4QBypDipEHeHSCmgfTPzXsLztla_9bz4KYmzUOL0uwWOj9x2kO7cbrOMc1uXKchdkQft8jqn_Lwc7t9B5V6_dXQ0cLBsczHK0OCsVYCGio7OMI464piTLgSorEZKDhmK1eBcAiIQ7w_BEjZ6:1scKgm:sB4w_36PjaOBlTMRF9JMXsEiJ2XKlo-jiGCIBlNlT-0", "expire_date": "2024-08-23T08:09:32.283Z"}}, {"model": "sessions.session", "pk": "pf89a1s92a0g4fcrg88zrgtjby8fab7a", "fields": {"session_data": ".eJxVjEEKwyAQAP_iuYga12iPvecNsrpLTVsUYnIq_XsRcmivM8O8RcRjL_HovMWVxFVocfllCfOT6xD0wHpvMre6b2uSI5Gn7XJpxK_b2f4NCvYytojTBOQ8oUXySnsDbJPDAJwzGGtYGWbWKc1BBXTB6pkZwHidUbH4fAHnzjfz:1sT6cg:UvIg6sSKXUhuE_QTGIdVxx_ncOd61NsQDKmMUIvuNeo", "expire_date": "2024-07-28T21:19:10.385Z"}}, {"model": "sessions.session", "pk": "qewqh28iolvks6clw3z2z9y1rhjtz59d", "fields": {"session_data": ".eJxVjMEOwiAQRP-FsyGwRVg8evcbyMJupGpoUtqT8d9tkx70OPPezFslWpea1i5zGlldlFen3y5TeUrbAT-o3SddprbMY9a7og_a9W1ieV0P9--gUq_bOkaHHCKAmJINOiESSxgCeFMcEKDzfgvoB4fRUGEeGMFSOTsrgdXnC8WjNx8:1sg8u6:ceGPPPugQSLOamTvm3vU7M1Lz8y3ghNKqTqi2Fa9FLE", "expire_date": "2024-09-02T20:23:02.342Z"}}, {"model": "sessions.session", "pk": "r5l5jv5juo3f6ay50td7nzo0zjyvxzab", "fields": {"session_data": ".eJxVjEEKwyAQAP_iuYga12iPvecNsrpLTVsUYnIq_XsRcmivM8O8RcRjL_HovMWVxFVocfllCfOT6xD0wHpvMre6b2uSI5Gn7XJpxK_b2f4NCvYytojTBOQ8oUXySnsDbJPDAJwzGGtYGWbWKc1BBXTB6pkZwHidUbH4fAHnzjfz:1sJpTL:sWgo_t2XUVgV6gBUskD4_vX0Sog6RyYQYc2ZRzEhNIg", "expire_date": "2024-07-03T07:11:11.378Z"}}, {"model": "sessions.session", "pk": "sr91h2xk73eziomkw33kwm1s8nbyd6dc", "fields": {"session_data": ".eJxVjDkOwjAUBe_iGlleY5uSPmew_mJwADlSnFSIu0OkFNC-mXkvkWFba956WfLE4iy0OP1uCPQobQd8h3abJc1tXSaUuyIP2uU4c3leDvfvoEKv35p0tE4N4I3FYmNQ8RrQB6eZTVA6lQSQBgiJ0HmkZLVl48E7F9EVJPH-AMOaN3E:1sUOBk:_VAu_cmdFrPs2gXyK6rYY-2UsDlgjBuL-qdmJNZxAM4", "expire_date": "2024-08-01T10:16:40.140Z"}}, {"model": "sessions.session", "pk": "t7b8jsqlcx4bzsi9czul0dkbalqx89jt", "fields": {"session_data": ".eJxVjDkOwjAUBe_iGlleY5uSPmew_mJwADlSnFSIu0OkFNC-mXkvkWFba956WfLE4iy0OP1uCPQobQd8h3abJc1tXSaUuyIP2uU4c3leDvfvoEKv35p0tE4N4I3FYmNQ8RrQB6eZTVA6lQSQBgiJ0HmkZLVl48E7F9EVJPH-AMOaN3E:1sUMQ8:9G--97pkmUMTQPqoWXW1GmSacfr-CQV6S9Cq9qPx_Y8", "expire_date": "2024-08-01T08:23:24.580Z"}}, {"model": "sessions.session", "pk": "uaju7to3swof8zpi344tj70k93linplf", "fields": {"session_data": ".eJxVjDkOwjAUBe_iGlleY5uSPmew_mJwADlSnFSIu0OkFNC-mXkvkWFba956WfLE4iy0OP1uCPQobQd8h3abJc1tXSaUuyIP2uU4c3leDvfvoEKv35p0tE4N4I3FYmNQ8RrQB6eZTVA6lQSQBgiJ0HmkZLVl48E7F9EVJPH-AMOaN3E:1sUNx0:zF-q1H4pmn8E1gH5gZUMCKsUUXR_DO1MxT0Zsoab68I", "expire_date": "2024-08-01T10:01:26.021Z"}}, {"model": "sessions.session", "pk": "zsejbcrb4zo3mnj6khdqsf7q2x1gcnim", "fields": {"session_data": ".eJxVjEEKwyAQAP_iuYga12iPvecNsrpLTVsUYnIq_XsRcmivM8O8RcRjL_HovMWVxFVocfllCfOT6xD0wHpvMre6b2uSI5Gn7XJpxK_b2f4NCvYytojTBOQ8oUXySnsDbJPDAJwzGGtYGWbWKc1BBXTB6pkZwHidUbH4fAHnzjfz:1sTqgh:px09qZ5xGBeAwO6cMwwIOC1-RhcPuq04rGvvsKAX1qY", "expire_date": "2024-07-30T22:30:23.428Z"}}, {"model": "main.area", "pk": "04901ce0-ac9a-4ac5-8082-28f4cb015a9b", "fields": {"created": "2024-07-15T10:35:26Z", "updated": "2024-08-21T07:11:33.994Z", "creator": null, "is_active": true, "name": "Al Barsha", "slug": "al-barsha"}}, {"model": "main.area", "pk": "1fa8c4e9-245b-4829-899c-ab5f64137aee", "fields": {"created": "2024-07-15T10:35:05Z", "updated": "2024-08-21T07:11:33.997Z", "creator": null, "is_active": true, "name": "Al Fahidi Historical Neighborhood", "slug": "al-fahidi-historical-neighborhood"}}, {"model": "main.area", "pk": "5a24fa66-4bf6-4369-bd8a-684631196eea", "fields": {"created": "2024-07-15T10:35:19Z", "updated": "2024-08-21T07:11:34.004Z", "creator": null, "is_active": true, "name": "City Walk", "slug": "city-walk"}}, {"model": "main.area", "pk": "b14ac9ec-cd57-42db-9a96-8f12ca2f4d14", "fields": {"created": "2024-07-15T10:30:45Z", "updated": "2024-08-21T07:11:34.017Z", "creator": null, "is_active": true, "name": "Downtown Dubai", "slug": "downtown-dubai"}}, {"model": "main.area", "pk": "b507f186-b8be-4a4e-80cb-81fa3d8e63c6", "fields": {"created": "2024-07-15T10:34:57Z", "updated": "2024-08-21T07:11:34.014Z", "creator": null, "is_active": true, "name": "Deira", "slug": "deira"}}, {"model": "main.area", "pk": "c0b9f3ec-c3ce-47ce-8040-20db96acedf1", "fields": {"created": "2024-07-15T10:35:31Z", "updated": "2024-08-21T07:11:34.019Z", "creator": null, "is_active": true, "name": "Dubai Creek", "slug": "dubai-creek"}}, {"model": "main.area", "pk": "c4e1c304-1325-4a11-8c08-7de5aa026b74", "fields": {"created": "2024-07-15T10:34:48Z", "updated": "2024-08-21T07:11:34.025Z", "creator": null, "is_active": true, "name": "Jumeirah", "slug": "jumeirah"}}, {"model": "main.area", "pk": "e4bdfec3-a740-4166-aff9-168a6156ba91", "fields": {"created": "2024-07-15T10:35:12Z", "updated": "2024-08-21T07:11:33.999Z", "creator": null, "is_active": true, "name": "Business Bay", "slug": "business-bay"}}, {"model": "main.area", "pk": "f4425aad-9a48-442d-b5ef-41ffbef14f7d", "fields": {"created": "2024-07-15T10:34:40Z", "updated": "2024-08-21T07:11:34.022Z", "creator": null, "is_active": true, "name": "Dubai Marina", "slug": "dubai-marina"}}, {"model": "main.area", "pk": "fb6b9127-4398-4ad6-9c9b-4364fbf652d1", "fields": {"created": "2024-07-15T10:34:28Z", "updated": "2024-08-21T07:11:34.028Z", "creator": null, "is_active": true, "name": "Palm Jumeirah", "slug": "palm-jumeirah"}}, {"model": "main.itemcategory", "pk": "068ac42f-527e-456d-9d12-fe91d6cdf8b8", "fields": {"created": "2024-08-19T20:37:29.370Z", "updated": "2024-08-19T20:37:29.370Z", "creator": null, "is_active": true, "name": "General", "icon": "categories/Indian_HRUIzu0.png"}}, {"model": "main.itemcategory", "pk": "1ba0cf6b-e8e4-4fed-ae8a-0f72e7c622d5", "fields": {"created": "2024-06-19T07:43:35Z", "updated": "2024-07-14T21:17:27.584Z", "creator": 1, "is_active": false, "name": "Drinks", "icon": "categories/BubbleTea.png"}}, {"model": "main.itemcategory", "pk": "1d344223-ce00-40a6-af1f-f383910eac21", "fields": {"created": "2024-07-14T21:17:27.607Z", "updated": "2024-07-14T21:17:27.607Z", "creator": 1, "is_active": false, "name": "Korean", "icon": "categories/Korean.png"}}, {"model": "main.itemcategory", "pk": "24758ab1-5500-48c4-b26a-9eb74b34404d", "fields": {"created": "2024-06-19T07:43:35Z", "updated": "2024-07-14T21:17:27.586Z", "creator": 1, "is_active": false, "name": "Main Dish", "icon": "categories/Indian.png"}}, {"model": "main.itemcategory", "pk": "3e516d55-3ca2-4d9f-be5c-fd2ca5b49981", "fields": {"created": "2024-07-14T21:17:27.604Z", "updated": "2024-07-14T21:17:27.605Z", "creator": 1, "is_active": false, "name": "Smoothies", "icon": "categories/Smoothie.png"}}, {"model": "main.itemcategory", "pk": "4fbc7757-d0cd-42cc-9941-fae7cee9a702", "fields": {"created": "2024-07-14T21:17:27.599Z", "updated": "2024-07-14T21:17:27.599Z", "creator": 1, "is_active": false, "name": "Fast Food", "icon": "categories/FastFood.png"}}, {"model": "main.itemcategory", "pk": "58f1cc85-2d83-4f20-a880-99acd81980f0", "fields": {"created": "2024-06-19T07:43:35Z", "updated": "2024-07-14T21:17:27.588Z", "creator": 1, "is_active": false, "name": "Miscellaneous", "icon": "categories/Soup.png"}}, {"model": "main.itemcategory", "pk": "5a161a56-6b56-4172-b022-c269ddbad753", "fields": {"created": "2024-07-14T21:17:27.613Z", "updated": "2024-07-14T21:17:27.613Z", "creator": 1, "is_active": false, "name": "Mexican", "icon": "categories/Mexican.png"}}, {"model": "main.itemcategory", "pk": "6190b195-0ecb-4b5f-a608-04eaf3e78c17", "fields": {"created": "2024-07-14T21:17:27.608Z", "updated": "2024-07-15T14:32:31.352Z", "creator": 1, "is_active": false, "name": "Snacks", "icon": "categories/Bakery.png"}}, {"model": "main.itemcategory", "pk": "64ffe2ea-8c84-4f71-9fad-8a4eb1a0062a", "fields": {"created": "2024-07-14T21:17:27.606Z", "updated": "2024-07-14T21:17:27.606Z", "creator": 1, "is_active": false, "name": "Thai", "icon": "categories/Thai.png"}}, {"model": "main.itemcategory", "pk": "9359bbc9-0036-4533-bca2-d6116fa11e99", "fields": {"created": "2024-07-14T21:17:27.611Z", "updated": "2024-07-14T21:17:27.611Z", "creator": 1, "is_active": false, "name": "Seafood", "icon": "categories/Seafood.png"}}, {"model": "main.itemcategory", "pk": "98284f92-8000-46fa-a747-74d2466f1dd8", "fields": {"created": "2024-06-19T07:43:35Z", "updated": "2024-07-14T21:17:27.578Z", "creator": 1, "is_active": false, "name": "Breads and Sides", "icon": "categories/Sandwich.png"}}, {"model": "main.itemcategory", "pk": "9aa5e2ca-8909-43e9-8e83-b78195acd9d6", "fields": {"created": "2024-07-14T21:17:27.600Z", "updated": "2024-07-14T21:17:27.600Z", "creator": 1, "is_active": false, "name": "Chinese", "icon": "categories/Chinese.png"}}, {"model": "main.itemcategory", "pk": "9f27ad65-c843-45f9-a617-fe881afc9ca2", "fields": {"created": "2024-06-19T07:43:35Z", "updated": "2024-07-15T14:33:56.312Z", "creator": 1, "is_active": false, "name": "Burgers", "icon": "categories/Burgers.png"}}, {"model": "main.itemcategory", "pk": "bb66f0d6-47f8-45e0-919f-5715ca0908ba", "fields": {"created": "2024-06-19T07:43:35Z", "updated": "2024-07-14T21:17:27.592Z", "creator": 1, "is_active": false, "name": "Rice or Biriyani", "icon": "categories/Asian.png"}}, {"model": "main.itemcategory", "pk": "bd65c588-0269-4531-93e7-dd1df95baf69", "fields": {"created": "2024-07-14T21:17:27.603Z", "updated": "2024-07-14T21:17:27.603Z", "creator": 1, "is_active": false, "name": "Sushi", "icon": "categories/Sushi.png"}}, {"model": "main.itemcategory", "pk": "d89383c0-b4d0-4302-9cb4-ec81032d6189", "fields": {"created": "2024-07-14T21:17:27.610Z", "updated": "2024-07-14T21:17:27.610Z", "creator": 1, "is_active": false, "name": "Breakfast", "icon": "categories/Breakfast.png"}}, {"model": "main.itemcategory", "pk": "db50c6b0-9b09-453f-ab36-df81fe09df23", "fields": {"created": "2024-07-14T21:17:27.602Z", "updated": "2024-07-14T21:17:27.602Z", "creator": 1, "is_active": false, "name": "Greek", "icon": "categories/Greek.png"}}, {"model": "main.itemcategory", "pk": "df52a1a9-0cb7-4c29-b8bd-970f9814a6b9", "fields": {"created": "2024-07-14T21:17:27.609Z", "updated": "2024-07-14T21:17:27.609Z", "creator": 1, "is_active": false, "name": "Coffee", "icon": "categories/Coffee.png"}}, {"model": "main.itemcategory", "pk": "e72d6902-5512-40b7-9bad-4f8f047b6673", "fields": {"created": "2024-07-14T21:17:27.601Z", "updated": "2024-07-14T21:17:27.601Z", "creator": 1, "is_active": false, "name": "Vietnamese", "icon": "categories/Vietnamese.png"}}, {"model": "main.itemcategory", "pk": "e740d494-a67c-4c4a-816b-601ad874beba", "fields": {"created": "2024-06-19T07:43:35Z", "updated": "2024-07-14T21:17:27.597Z", "creator": 1, "is_active": false, "name": "Starters", "icon": "categories/Italian.png"}}, {"model": "main.itemcategory", "pk": "e9ac04a9-3243-4941-b014-40ec4f2de6dd", "fields": {"created": "2024-06-19T07:43:35Z", "updated": "2024-07-14T21:17:27.581Z", "creator": 1, "is_active": false, "name": "Desserts", "icon": "categories/IceCream.png"}}, {"model": "main.itemcategory", "pk": "f0a13456-9c92-45f5-841d-d0b08f72cc63", "fields": {"created": "2024-06-19T07:43:35Z", "updated": "2024-07-14T21:17:27.594Z", "creator": 1, "is_active": false, "name": "Salads", "icon": "categories/Vegan.png"}}, {"model": "main.itemcategory", "pk": "f391aa13-9698-48ad-9551-84694a2f2137", "fields": {"created": "2024-07-14T21:17:27.609Z", "updated": "2024-07-14T21:17:27.609Z", "creator": 1, "is_active": false, "name": "Japanese", "icon": "categories/Japanese.png"}}, {"model": "main.itemcategory", "pk": "fa9459cf-1b16-4935-b556-f9a5bcf5999b", "fields": {"created": "2024-06-19T07:43:35Z", "updated": "2024-07-14T21:17:27.590Z", "creator": 1, "is_active": false, "name": "Pizza", "icon": "categories/Pizza.png"}}, {"model": "main.combo", "pk": "0174f24f-03af-4d76-8407-ec618f612464", "fields": {"created": "2024-08-21T06:37:07.731Z", "updated": "2024-08-21T06:37:07.731Z", "creator": null, "is_active": true, "tier": "StandardVeg", "mealtype": "LUNCH", "category": "068ac42f-527e-456d-9d12-fe91d6cdf8b8", "image": "", "name": "Barik or Matta Rice, Yogurt curry, Kondattam & Upperi, Side curry, Pickle, Papadam", "item_code": "SL012", "price": "10.00", "available_days": "Saturday", "available_weeks": "2", "is_veg": true}}, {"model": "main.combo", "pk": "01de657c-d77d-4536-b9e9-39b9a7cdfdcf", "fields": {"created": "2024-08-21T06:37:07.627Z", "updated": "2024-08-21T06:37:07.627Z", "creator": null, "is_active": true, "tier": "ClassicNonVeg", "mealtype": "BREAKFAST", "category": "068ac42f-527e-456d-9d12-fe91d6cdf8b8", "image": "", "name": "Chapathi, Sausage Roast", "item_code": "CB002", "price": "10.00", "available_days": "Tuesday", "available_weeks": "1,2", "is_veg": false}}, {"model": "main.combo", "pk": "01e96ea0-fea4-40ff-9b76-b2ec240ce129", "fields": {"created": "2024-08-21T06:37:07.818Z", "updated": "2024-08-21T06:37:07.818Z", "creator": null, "is_active": true, "tier": "StandardNonVeg", "mealtype": "DINNER", "category": "068ac42f-527e-456d-9d12-fe91d6cdf8b8", "image": "", "name": "Jeeraka Kanji / Porotta, Kappa (Tapioca), Chammanthi / Veg Kuruma", "item_code": "SD002", "price": "10.00", "available_days": "Tuesday", "available_weeks": "2", "is_veg": false}}, {"model": "main.combo", "pk": "02ec05db-3353-4d46-9147-0ef156f05458", "fields": {"created": "2024-08-21T06:37:07.535Z", "updated": "2024-08-21T06:37:07.535Z", "creator": null, "is_active": true, "tier": "Essential", "mealtype": "BREAKFAST", "category": "068ac42f-527e-456d-9d12-fe91d6cdf8b8", "image": "", "name": "Idli, Sambar, Chutney", "item_code": "EB007", "price": "10.00", "available_days": "Sunday", "available_weeks": "1,2", "is_veg": true}}, {"model": "main.combo", "pk": "070832ec-4e6c-4cc4-9888-74a70a16a103", "fields": {"created": "2024-08-21T06:37:07.763Z", "updated": "2024-08-21T06:37:07.763Z", "creator": null, "is_active": true, "tier": "StandardNonVeg", "mealtype": "BREAKFAST", "category": "068ac42f-527e-456d-9d12-fe91d6cdf8b8", "image": "", "name": "Puttu, Black Chana Curry", "item_code": "SB004", "price": "10.00", "available_days": "Thursday", "available_weeks": "1", "is_veg": false}}, {"model": "main.combo", "pk": "07aa1728-b820-4d87-811e-73ef1c07dc8f", "fields": {"created": "2024-08-21T06:37:07.626Z", "updated": "2024-08-21T06:37:07.626Z", "creator": null, "is_active": true, "tier": "ClassicNonVeg", "mealtype": "BREAKFAST", "category": "068ac42f-527e-456d-9d12-fe91d6cdf8b8", "image": "", "name": "Parotta, Egg Curry", "item_code": "CB001", "price": "10.00", "available_days": "Monday", "available_weeks": "1,2", "is_veg": false}}, {"model": "main.combo", "pk": "09177e03-0c5c-446a-9126-92bbd1d9899e", "fields": {"created": "2024-08-21T06:37:07.724Z", "updated": "2024-08-21T06:37:07.724Z", "creator": null, "is_active": true, "tier": "StandardVeg", "mealtype": "LUNCH", "category": "068ac42f-527e-456d-9d12-fe91d6cdf8b8", "image": "", "name": "Barik or Matta Rice, Sambar, Yam Fry, Upperi, Side curry, Pickle, Papadam", "item_code": "SL009", "price": "10.00", "available_days": "Tuesday", "available_weeks": "2", "is_veg": true}}, {"model": "main.combo", "pk": "0c7ca5d3-0ba8-4b6e-aad2-2e49955c6c15", "fields": {"created": "2024-08-21T06:37:07.727Z", "updated": "2024-08-21T06:37:07.727Z", "creator": null, "is_active": true, "tier": "StandardVeg", "mealtype": "LUNCH", "category": "068ac42f-527e-456d-9d12-fe91d6cdf8b8", "image": "", "name": "Barik or Matta Rice, Yogurt curry, Kondattam (Sun-dried Chilies), Upperi, Side curry, Pickle, Papadam", "item_code": "SL004", "price": "10.00", "available_days": "Thursday", "available_weeks": "2", "is_veg": true}}, {"model": "main.combo", "pk": "0cfd2bac-7f9e-4d7e-8385-12bff8acce9c", "fields": {"created": "2024-08-21T06:37:07.601Z", "updated": "2024-08-21T06:37:07.601Z", "creator": null, "is_active": true, "tier": "ClassicVeg", "mealtype": "LUNCH", "category": "068ac42f-527e-456d-9d12-fe91d6cdf8b8", "image": "", "name": "Barik Rice, Rajma Masala, Dal Palak, Pickle", "item_code": "CL020", "price": "10.00", "available_days": "Thursday", "available_weeks": "1,2", "is_veg": true}}, {"model": "main.combo", "pk": "0d3e3550-e060-4caa-beb1-926c08af9829", "fields": {"created": "2024-08-21T06:37:07.812Z", "updated": "2024-08-21T06:37:07.812Z", "creator": null, "is_active": true, "tier": "StandardNonVeg", "mealtype": "DINNER", "category": "068ac42f-527e-456d-9d12-fe91d6cdf8b8", "image": "", "name": "Kerala Porotta, Fish Mango Curry", "item_code": "SD015", "price": "10.00", "available_days": "Friday", "available_weeks": "1", "is_veg": false}}, {"model": "main.combo", "pk": "0edde786-5c0c-4df3-8086-59666cbcab74", "fields": {"created": "2024-08-21T06:37:07.783Z", "updated": "2024-08-21T06:37:07.783Z", "creator": null, "is_active": true, "tier": "StandardNonVeg", "mealtype": "LUNCH", "category": "068ac42f-527e-456d-9d12-fe91d6cdf8b8", "image": "", "name": "Chicken Mandi, Arabic Chutney, Raita", "item_code": "SL016", "price": "10.00", "available_days": "Wednesday", "available_weeks": "1", "is_veg": false}}, {"model": "main.combo", "pk": "0fc2f8c6-6159-4b60-a34a-922d91228630", "fields": {"created": "2024-08-21T06:37:07.693Z", "updated": "2024-08-21T06:37:07.693Z", "creator": null, "is_active": true, "tier": "StandardVeg", "mealtype": "BREAKFAST", "category": "068ac42f-527e-456d-9d12-fe91d6cdf8b8", "image": "", "name": "Idiyappam, Veg Curry", "item_code": "SB008", "price": "10.00", "available_days": "Monday", "available_weeks": "2", "is_veg": true}}, {"model": "main.combo", "pk": "113078d8-c029-4eb3-aa37-d536559f7f81", "fields": {"created": "2024-08-21T06:37:07.638Z", "updated": "2024-08-21T06:37:07.638Z", "creator": null, "is_active": true, "tier": "ClassicNonVeg", "mealtype": "TIFFIN_LUNCH", "category": "068ac42f-527e-456d-9d12-fe91d6cdf8b8", "image": "", "name": "Veg Biryani, Vinegar Salad, Pickle", "item_code": "CTL002", "price": "10.00", "available_days": "Tuesday", "available_weeks": "1,2", "is_veg": false}}, {"model": "main.combo", "pk": "13931496-f49c-4178-aff8-e331628b9500", "fields": {"created": "2024-08-21T06:37:07.733Z", "updated": "2024-08-21T06:37:07.733Z", "creator": null, "is_active": true, "tier": "StandardVeg", "mealtype": "LUNCH", "category": "068ac42f-527e-456d-9d12-fe91d6cdf8b8", "image": "", "name": "Soya Pulao, Gravy, Pickle, Chammanthi (Coconut Chutney), Raita", "item_code": "SL007", "price": "10.00", "available_days": "Sunday", "available_weeks": "2", "is_veg": true}}, {"model": "main.combo", "pk": "139d2a51-3597-46fe-96d2-c09fd15805a0", "fields": {"created": "2024-08-21T06:37:07.614Z", "updated": "2024-08-21T06:37:07.614Z", "creator": null, "is_active": true, "tier": "ClassicVeg", "mealtype": "DINNER", "category": "068ac42f-527e-456d-9d12-fe91d6cdf8b8", "image": "", "name": "Chapathi, Aloo Bhindi Masala", "item_code": "CD008", "price": "10.00", "available_days": "Monday", "available_weeks": "1,2", "is_veg": true}}, {"model": "main.combo", "pk": "15106109-2173-4578-82e0-c29c30c2cc96", "fields": {"created": "2024-08-21T06:37:07.736Z", "updated": "2024-08-21T06:37:07.736Z", "creator": null, "is_active": true, "tier": "StandardVeg", "mealtype": "DINNER", "category": "068ac42f-527e-456d-9d12-fe91d6cdf8b8", "image": "", "name": "Jeeraka Kanji / Porotta, Kappa (Tapioca), Chammanthi / Veg Kuruma", "item_code": "SD002", "price": "10.00", "available_days": "Tuesday", "available_weeks": "1", "is_veg": true}}, {"model": "main.combo", "pk": "15ce9eb7-6726-4cfb-9f0e-cf75432de589", "fields": {"created": "2024-08-21T06:37:07.789Z", "updated": "2024-08-21T06:37:07.789Z", "creator": null, "is_active": true, "tier": "StandardNonVeg", "mealtype": "LUNCH", "category": "068ac42f-527e-456d-9d12-fe91d6cdf8b8", "image": "", "name": "Barik Rice, Fish Curry, Fish Fry, Upperi, Side curry, Pickle, Papadam", "item_code": "SL017", "price": "10.00", "available_days": "Saturday", "available_weeks": "1", "is_veg": false}}, {"model": "main.combo", "pk": "186b9b21-2c52-4025-bd94-d1dd4963e075", "fields": {"created": "2024-08-21T06:37:07.745Z", "updated": "2024-08-21T06:37:07.745Z", "creator": null, "is_active": true, "tier": "StandardVeg", "mealtype": "DINNER", "category": "068ac42f-527e-456d-9d12-fe91d6cdf8b8", "image": "", "name": "Nool Porotta, Green Peas Curry", "item_code": "SD007", "price": "10.00", "available_days": "Sunday", "available_weeks": "1", "is_veg": true}}, {"model": "main.combo", "pk": "18dc394f-daa6-423f-9457-2370b27b47b5", "fields": {"created": "2024-08-21T06:37:07.609Z", "updated": "2024-08-21T06:37:07.609Z", "creator": null, "is_active": true, "tier": "ClassicVeg", "mealtype": "LUNCH", "category": "068ac42f-527e-456d-9d12-fe91d6cdf8b8", "image": "", "name": "Barik Rice, Chana Dal, Mix Veg Curry, Pickle", "item_code": "CL024", "price": "10.00", "available_days": "Saturday", "available_weeks": "1,2", "is_veg": true}}, {"model": "main.combo", "pk": "191a479a-0332-4e59-addf-eda2d1335f12", "fields": {"created": "2024-08-21T06:37:07.726Z", "updated": "2024-08-21T06:37:07.726Z", "creator": null, "is_active": true, "tier": "StandardVeg", "mealtype": "LUNCH", "category": "068ac42f-527e-456d-9d12-fe91d6cdf8b8", "image": "", "name": "Veg Biryani, Raita, Pickle, Chammanthi (Coconut Chutney), Papadam", "item_code": "SL010", "price": "10.00", "available_days": "Wednesday", "available_weeks": "2", "is_veg": true}}, {"model": "main.combo", "pk": "193cdfec-7b46-4f56-aa4a-92ba405333f0", "fields": {"created": "2024-08-21T06:37:07.677Z", "updated": "2024-08-21T06:37:07.677Z", "creator": null, "is_active": true, "tier": "ClassicNonVeg", "mealtype": "DINNER", "category": "068ac42f-527e-456d-9d12-fe91d6cdf8b8", "image": "", "name": "Lavash Bread, Dal Makhani, Chicken Fry", "item_code": "CD005", "price": "10.00", "available_days": "Friday", "available_weeks": "1,2", "is_veg": false}}, {"model": "main.combo", "pk": "1b8b60f4-a3dc-4453-b18c-aeae88cd4f43", "fields": {"created": "2024-08-21T06:37:07.580Z", "updated": "2024-08-21T06:37:07.580Z", "creator": null, "is_active": true, "tier": "ClassicVeg", "mealtype": "BREAKFAST", "category": "068ac42f-527e-456d-9d12-fe91d6cdf8b8", "image": "", "name": "Parotta, Veg Mix Curry", "item_code": "CB009", "price": "10.00", "available_days": "Tuesday", "available_weeks": "1,2", "is_veg": true}}, {"model": "main.combo", "pk": "1b9af940-ff9d-491e-afc2-369b5c3a68f0", "fields": {"created": "2024-08-21T06:37:07.542Z", "updated": "2024-08-21T06:37:07.542Z", "creator": null, "is_active": true, "tier": "Essential", "mealtype": "LUNCH", "category": "068ac42f-527e-456d-9d12-fe91d6cdf8b8", "image": "", "name": "Egg Biryani, Vinegar Salad, Pickle", "item_code": "EL003", "price": "10.00", "available_days": "Wednesday", "available_weeks": "1,2", "is_veg": false}}, {"model": "main.combo", "pk": "1c289ad8-4814-41f0-8013-249fac305379", "fields": {"created": "2024-08-21T06:37:07.606Z", "updated": "2024-08-21T06:37:07.606Z", "creator": null, "is_active": true, "tier": "ClassicVeg", "mealtype": "LUNCH", "category": "068ac42f-527e-456d-9d12-fe91d6cdf8b8", "image": "", "name": "Motta Rice, Chana Dal, Mix Veg Curry, Pickle", "item_code": "CL023", "price": "10.00", "available_days": "Saturday", "available_weeks": "1,2", "is_veg": true}}, {"model": "main.combo", "pk": "1c7e5d01-0bcc-4e91-a805-a72ff3510446", "fields": {"created": "2024-08-21T06:37:07.719Z", "updated": "2024-08-21T06:37:07.719Z", "creator": null, "is_active": true, "tier": "StandardVeg", "mealtype": "LUNCH", "category": "068ac42f-527e-456d-9d12-fe91d6cdf8b8", "image": "", "name": "Barik or Matta Rice, Mango Curry, Soya fry, Upperi, Side curry, Pickle, Papadam", "item_code": "SL006", "price": "10.00", "available_days": "Saturday", "available_weeks": "1", "is_veg": true}}, {"model": "main.combo", "pk": "1c8ef43b-96de-417f-ac9a-5bd36b02c276", "fields": {"created": "2024-08-21T06:37:07.680Z", "updated": "2024-08-21T06:37:07.680Z", "creator": null, "is_active": true, "tier": "ClassicNonVeg", "mealtype": "DINNER", "category": "068ac42f-527e-456d-9d12-fe91d6cdf8b8", "image": "", "name": "Parotta, chicken Curry", "item_code": "CD007", "price": "10.00", "available_days": "Sunday", "available_weeks": "1,2", "is_veg": false}}, {"model": "main.combo", "pk": "1e9e4d56-9d31-4ac7-a818-9dd7619bdafd", "fields": {"created": "2024-08-21T06:37:07.827Z", "updated": "2024-08-21T06:37:07.827Z", "creator": null, "is_active": true, "tier": "StandardNonVeg", "mealtype": "DINNER", "category": "068ac42f-527e-456d-9d12-fe91d6cdf8b8", "image": "", "name": "Kerala Porotta, Chicken Sukka, Gravy", "item_code": "SD021", "price": "10.00", "available_days": "Sunday", "available_weeks": "2", "is_veg": false}}, {"model": "main.combo", "pk": "1f611103-4677-46d0-a023-224f7f1e1b97", "fields": {"created": "2024-08-21T06:37:07.682Z", "updated": "2024-08-21T06:37:07.682Z", "creator": null, "is_active": true, "tier": "StandardVeg", "mealtype": "BREAKFAST", "category": "068ac42f-527e-456d-9d12-fe91d6cdf8b8", "image": "", "name": "Kerala Porotta, Veg Kuruma", "item_code": "SB002", "price": "10.00", "available_days": "Tuesday", "available_weeks": "1", "is_veg": true}}, {"model": "main.combo", "pk": "1fb3cd92-fa83-470c-97ef-2baaf60ea0fc", "fields": {"created": "2024-08-21T06:37:07.617Z", "updated": "2024-08-21T06:37:07.617Z", "creator": null, "is_active": true, "tier": "ClassicVeg", "mealtype": "DINNER", "category": "068ac42f-527e-456d-9d12-fe91d6cdf8b8", "image": "", "name": "Chapathi, Green Peas Masala", "item_code": "CD010", "price": "10.00", "available_days": "Wednesday", "available_weeks": "1,2", "is_veg": true}}, {"model": "main.combo", "pk": "1ffd6809-0e97-43ed-92e5-dcd322c2feea", "fields": {"created": "2024-08-21T06:37:07.664Z", "updated": "2024-08-21T06:37:07.664Z", "creator": null, "is_active": true, "tier": "ClassicNonVeg", "mealtype": "LUNCH", "category": "068ac42f-527e-456d-9d12-fe91d6cdf8b8", "image": "", "name": "Barik Rice, Chana Dal, Sausage Masala, Pickle", "item_code": "CL011", "price": "10.00", "available_days": "Saturday", "available_weeks": "1,2", "is_veg": false}}, {"model": "main.combo", "pk": "23f664bc-d35f-4013-94cf-1fd5c19bcf47", "fields": {"created": "2024-08-21T06:37:07.556Z", "updated": "2024-08-21T06:37:07.556Z", "creator": null, "is_active": true, "tier": "Essential", "mealtype": "TIFFIN_LUNCH", "category": "068ac42f-527e-456d-9d12-fe91d6cdf8b8", "image": "", "name": "Egg Biryani, Vinegar Salad, Pickle", "item_code": "ETL003", "price": "10.00", "available_days": "Wednesday", "available_weeks": "1,2", "is_veg": false}}, {"model": "main.combo", "pk": "2587594d-4a01-46e0-b32b-2b04b08dc0e4", "fields": {"created": "2024-08-21T06:37:07.675Z", "updated": "2024-08-21T06:37:07.675Z", "creator": null, "is_active": true, "tier": "ClassicNonVeg", "mealtype": "DINNER", "category": "068ac42f-527e-456d-9d12-fe91d6cdf8b8", "image": "", "name": "Parotta, Sausage Roast", "item_code": "CD004", "price": "10.00", "available_days": "Thursday", "available_weeks": "1,2", "is_veg": false}}, {"model": "main.combo", "pk": "26a66d6c-fe4f-4f17-92e6-5cd47b614a1c", "fields": {"created": "2024-08-21T06:37:07.704Z", "updated": "2024-08-21T06:37:07.704Z", "creator": null, "is_active": true, "tier": "StandardVeg", "mealtype": "BREAKFAST", "category": "068ac42f-527e-456d-9d12-fe91d6cdf8b8", "image": "", "name": "Plain Dosa, Sambar, Chutney (2 Types)", "item_code": "SB005", "price": "10.00", "available_days": "Friday", "available_weeks": "2", "is_veg": true}}, {"model": "main.combo", "pk": "294d4fa0-77a1-40e1-a8f7-f0ebd3c8446a", "fields": {"created": "2024-08-21T06:37:07.656Z", "updated": "2024-08-21T06:37:07.656Z", "creator": null, "is_active": true, "tier": "ClassicNonVeg", "mealtype": "LUNCH", "category": "068ac42f-527e-456d-9d12-fe91d6cdf8b8", "image": "", "name": "Motta Rice, Chicken Curry, Aloo Palak, Pickle", "item_code": "CL006", "price": "10.00", "available_days": "Thursday", "available_weeks": "1,2", "is_veg": false}}, {"model": "main.combo", "pk": "2eb67f70-ad07-49d5-b161-b01b409fc76c", "fields": {"created": "2024-08-21T06:37:07.720Z", "updated": "2024-08-21T06:37:07.720Z", "creator": null, "is_active": true, "tier": "StandardVeg", "mealtype": "LUNCH", "category": "068ac42f-527e-456d-9d12-fe91d6cdf8b8", "image": "", "name": "Soya Pulao, Gravy, Pickle, Chammanthi (Coconut Chutney), Raita", "item_code": "SL007", "price": "10.00", "available_days": "Sunday", "available_weeks": "1", "is_veg": true}}, {"model": "main.combo", "pk": "2efdbc79-33c0-483c-8279-73ff0383be1d", "fields": {"created": "2024-08-21T06:37:07.578Z", "updated": "2024-08-21T06:37:07.578Z", "creator": null, "is_active": true, "tier": "ClassicVeg", "mealtype": "BREAKFAST", "category": "068ac42f-527e-456d-9d12-fe91d6cdf8b8", "image": "", "name": "Chapathi, Green Peas Masala", "item_code": "CB008", "price": "10.00", "available_days": "Monday", "available_weeks": "1,2", "is_veg": true}}, {"model": "main.combo", "pk": "308490a3-1fbd-4ff4-a0c5-dd087861e7b6", "fields": {"created": "2024-08-21T06:37:07.793Z", "updated": "2024-08-21T06:37:07.793Z", "creator": null, "is_active": true, "tier": "StandardNonVeg", "mealtype": "LUNCH", "category": "068ac42f-527e-456d-9d12-fe91d6cdf8b8", "image": "", "name": "Ghee Rice, Chicken Fry, Dal Curry, Raita, Pickle, Chammanthi (Coconut Chutney), Papadam", "item_code": "SL020", "price": "10.00", "available_days": "Monday", "available_weeks": "2", "is_veg": false}}, {"model": "main.combo", "pk": "3472a123-c860-4bc3-98e4-a00845981e0a", "fields": {"created": "2024-08-21T06:37:07.574Z", "updated": "2024-08-21T06:37:07.574Z", "creator": null, "is_active": true, "tier": "Essential", "mealtype": "DINNER", "category": "068ac42f-527e-456d-9d12-fe91d6cdf8b8", "image": "", "name": "Ghee Rice, Beef Curry, Pickle", "item_code": "ED006", "price": "10.00", "available_days": "Saturday", "available_weeks": "1,2", "is_veg": true}}, {"model": "main.combo", "pk": "347c81f3-51c8-42a1-b702-089c31521ce0", "fields": {"created": "2024-08-21T06:37:07.711Z", "updated": "2024-08-21T06:37:07.711Z", "creator": null, "is_active": true, "tier": "StandardVeg", "mealtype": "LUNCH", "category": "068ac42f-527e-456d-9d12-fe91d6cdf8b8", "image": "", "name": "Barik or Matta Rice, Sambar, Yam Fry & Upperi, Side curry, Pickle, Papadam", "item_code": "SL002", "price": "10.00", "available_days": "Tuesday", "available_weeks": "1", "is_veg": true}}, {"model": "main.combo", "pk": "34aa4bed-3dbd-4226-87da-5912c5c28e96", "fields": {"created": "2024-08-21T06:37:07.662Z", "updated": "2024-08-21T06:37:07.662Z", "creator": null, "is_active": true, "tier": "ClassicNonVeg", "mealtype": "LUNCH", "category": "068ac42f-527e-456d-9d12-fe91d6cdf8b8", "image": "", "name": "Motta Rice, Chana Dal, Sausage Masala, Pickle", "item_code": "CL010", "price": "10.00", "available_days": "Saturday", "available_weeks": "1,2", "is_veg": false}}, {"model": "main.combo", "pk": "34d02a6f-7436-4344-95e0-01e39f1fe7a2", "fields": {"created": "2024-08-21T06:37:07.734Z", "updated": "2024-08-21T06:37:07.734Z", "creator": null, "is_active": true, "tier": "StandardVeg", "mealtype": "DINNER", "category": "068ac42f-527e-456d-9d12-fe91d6cdf8b8", "image": "", "name": "Chapathi, Aloo Mutter", "item_code": "SD001", "price": "10.00", "available_days": "Monday", "available_weeks": "1", "is_veg": true}}, {"model": "main.combo", "pk": "3a06f5a6-a233-4ca8-b908-f94855d5355e", "fields": {"created": "2024-08-21T06:37:07.564Z", "updated": "2024-08-21T06:37:07.564Z", "creator": null, "is_active": true, "tier": "Essential", "mealtype": "TIFFIN_LUNCH", "category": "068ac42f-527e-456d-9d12-fe91d6cdf8b8", "image": "", "name": "Egg Biryani, Vinegar Salad, Pickle", "item_code": "ETL007", "price": "10.00", "available_days": "Sunday", "available_weeks": "1,2", "is_veg": false}}, {"model": "main.combo", "pk": "3cfd0cde-8b4b-411f-8fed-911820eaf853", "fields": {"created": "2024-08-21T06:37:07.691Z", "updated": "2024-08-21T06:37:07.691Z", "creator": null, "is_active": true, "tier": "StandardVeg", "mealtype": "BREAKFAST", "category": "068ac42f-527e-456d-9d12-fe91d6cdf8b8", "image": "", "name": "Idli, Sambar, Chutney (2 Types)", "item_code": "SB007", "price": "10.00", "available_days": "Sunday", "available_weeks": "1", "is_veg": true}}, {"model": "main.combo", "pk": "3f87a3c8-d389-48c8-b843-560bb88f815d", "fields": {"created": "2024-08-21T06:37:07.776Z", "updated": "2024-08-21T06:37:07.776Z", "creator": null, "is_active": true, "tier": "StandardNonVeg", "mealtype": "BREAKFAST", "category": "068ac42f-527e-456d-9d12-fe91d6cdf8b8", "image": "", "name": "Plain Dosa, Sambar, Chutney (2 Types)", "item_code": "SB005", "price": "10.00", "available_days": "Friday", "available_weeks": "2", "is_veg": false}}, {"model": "main.combo", "pk": "40e54278-3368-4be6-a1fd-052cd0a32b13", "fields": {"created": "2024-08-21T06:37:07.612Z", "updated": "2024-08-21T06:37:07.612Z", "creator": null, "is_active": true, "tier": "ClassicVeg", "mealtype": "LUNCH", "category": "068ac42f-527e-456d-9d12-fe91d6cdf8b8", "image": "", "name": "Ghee Rice, Soya Roast, Vinegar Salad, Pickle", "item_code": "CL026", "price": "10.00", "available_days": "Sunday", "available_weeks": "1,2", "is_veg": true}}, {"model": "main.combo", "pk": "449e1573-8824-40f3-8392-bc295224d854", "fields": {"created": "2024-08-21T06:37:07.761Z", "updated": "2024-08-21T06:37:07.761Z", "creator": null, "is_active": true, "tier": "StandardNonVeg", "mealtype": "BREAKFAST", "category": "068ac42f-527e-456d-9d12-fe91d6cdf8b8", "image": "", "name": "Uthappam, Sambar, Chutney (2 Types)", "item_code": "SB003", "price": "10.00", "available_days": "Wednesday", "available_weeks": "1", "is_veg": false}}, {"model": "main.combo", "pk": "45c0fd93-b13b-451e-829f-b359124120ad", "fields": {"created": "2024-08-21T06:37:07.544Z", "updated": "2024-08-21T06:37:07.544Z", "creator": null, "is_active": true, "tier": "Essential", "mealtype": "LUNCH", "category": "068ac42f-527e-456d-9d12-fe91d6cdf8b8", "image": "", "name": "Motta Rice, Fish Curry, Veg Curry, Pickle, Papad", "item_code": "EL004", "price": "10.00", "available_days": "Thursday", "available_weeks": "1,2", "is_veg": false}}, {"model": "main.combo", "pk": "48bf2586-0d78-4006-aa93-1b08b99e3056", "fields": {"created": "2024-08-21T06:37:07.810Z", "updated": "2024-08-21T06:37:07.810Z", "creator": null, "is_active": true, "tier": "StandardNonVeg", "mealtype": "DINNER", "category": "068ac42f-527e-456d-9d12-fe91d6cdf8b8", "image": "", "name": "Chapathi, Paneer Butter Masala", "item_code": "SD004", "price": "10.00", "available_days": "Thursday", "available_weeks": "1", "is_veg": false}}, {"model": "main.combo", "pk": "4b4cc031-8ebe-448a-92cb-369486c5e022", "fields": {"created": "2024-08-21T06:37:07.678Z", "updated": "2024-08-21T06:37:07.678Z", "creator": null, "is_active": true, "tier": "ClassicNonVeg", "mealtype": "DINNER", "category": "068ac42f-527e-456d-9d12-fe91d6cdf8b8", "image": "", "name": "Ghee Rice, Beef Curry, Pickle", "item_code": "CD006", "price": "10.00", "available_days": "Saturday", "available_weeks": "1,2", "is_veg": false}}, {"model": "main.combo", "pk": "4ccfcefc-8aec-41cb-8a74-1eb388911af2", "fields": {"created": "2024-08-21T06:37:07.562Z", "updated": "2024-08-21T06:37:07.562Z", "creator": null, "is_active": true, "tier": "Essential", "mealtype": "TIFFIN_LUNCH", "category": "068ac42f-527e-456d-9d12-fe91d6cdf8b8", "image": "", "name": "Veg Biryani, Vinegar Salad, Pickle", "item_code": "ETL006", "price": "10.00", "available_days": "Saturday", "available_weeks": "1,2", "is_veg": true}}, {"model": "main.combo", "pk": "4df8ee82-77d3-4beb-bb31-ee8e219318a6", "fields": {"created": "2024-08-21T06:37:07.567Z", "updated": "2024-08-21T06:37:07.567Z", "creator": null, "is_active": true, "tier": "Essential", "mealtype": "DINNER", "category": "068ac42f-527e-456d-9d12-fe91d6cdf8b8", "image": "", "name": "Parotta, Veg Stew", "item_code": "ED002", "price": "10.00", "available_days": "Tuesday", "available_weeks": "1,2", "is_veg": true}}, {"model": "main.combo", "pk": "4ee2d008-01a4-4d3d-af3e-b6237c17897c", "fields": {"created": "2024-08-21T06:37:07.585Z", "updated": "2024-08-21T06:37:07.585Z", "creator": null, "is_active": true, "tier": "ClassicVeg", "mealtype": "BREAKFAST", "category": "068ac42f-527e-456d-9d12-fe91d6cdf8b8", "image": "", "name": "Aloo Parotta, Raita Chutney", "item_code": "CB012", "price": "10.00", "available_days": "Friday", "available_weeks": "1,2", "is_veg": true}}, {"model": "main.combo", "pk": "4ee64e75-6c2f-4ec8-a659-69e8ef88dd36", "fields": {"created": "2024-08-21T06:37:07.743Z", "updated": "2024-08-21T06:37:07.743Z", "creator": null, "is_active": true, "tier": "StandardVeg", "mealtype": "DINNER", "category": "068ac42f-527e-456d-9d12-fe91d6cdf8b8", "image": "", "name": "Ghee Rice, Chilli Gobi, Dal Tadka", "item_code": "SD006", "price": "10.00", "available_days": "Saturday", "available_weeks": "1", "is_veg": true}}, {"model": "main.combo", "pk": "4f060c42-c7ad-47c4-a9a9-46640974ed51", "fields": {"created": "2024-08-21T06:37:07.595Z", "updated": "2024-08-21T06:37:07.595Z", "creator": null, "is_active": true, "tier": "ClassicVeg", "mealtype": "LUNCH", "category": "068ac42f-527e-456d-9d12-fe91d6cdf8b8", "image": "", "name": "Barik Rice, Bhindi Masala, Chana Masala, Pickle", "item_code": "CL016", "price": "10.00", "available_days": "Tuesday", "available_weeks": "1,2", "is_veg": true}}, {"model": "main.combo", "pk": "4fb8bea9-0f22-40a4-b3dd-8cd71c1f8998", "fields": {"created": "2024-08-21T06:37:07.645Z", "updated": "2024-08-21T06:37:07.645Z", "creator": null, "is_active": true, "tier": "ClassicNonVeg", "mealtype": "TIFFIN_LUNCH", "category": "068ac42f-527e-456d-9d12-fe91d6cdf8b8", "image": "", "name": "Egg Biryani, Vinegar Salad, Pickle", "item_code": "CTL006", "price": "10.00", "available_days": "Saturday", "available_weeks": "1,2", "is_veg": false}}, {"model": "main.combo", "pk": "518954eb-7e04-4f21-aa64-7d6fdb22ad25", "fields": {"created": "2024-08-21T06:37:07.623Z", "updated": "2024-08-21T06:37:07.623Z", "creator": null, "is_active": true, "tier": "ClassicVeg", "mealtype": "DINNER", "category": "068ac42f-527e-456d-9d12-fe91d6cdf8b8", "image": "", "name": "Wheat Parotta, Veg Mix Curry", "item_code": "CD014", "price": "10.00", "available_days": "Sunday", "available_weeks": "1,2", "is_veg": true}}, {"model": "main.combo", "pk": "5329f4dd-a43f-42e2-bec6-abede3581c64", "fields": {"created": "2024-08-21T06:37:07.696Z", "updated": "2024-08-21T06:37:07.696Z", "creator": null, "is_active": true, "tier": "StandardVeg", "mealtype": "BREAKFAST", "category": "068ac42f-527e-456d-9d12-fe91d6cdf8b8", "image": "", "name": "Uthappam, Sambar, Chutney (2 Types)", "item_code": "SB003", "price": "10.00", "available_days": "Wednesday", "available_weeks": "2", "is_veg": true}}, {"model": "main.combo", "pk": "53eb471f-6da5-470f-a572-1ec45a26f757", "fields": {"created": "2024-08-21T06:37:07.540Z", "updated": "2024-08-21T06:37:07.540Z", "creator": null, "is_active": true, "tier": "Essential", "mealtype": "LUNCH", "category": "068ac42f-527e-456d-9d12-fe91d6cdf8b8", "image": "", "name": "Barik Rice, Fish Curry, Veg Curry, Pickle, Papad", "item_code": "EL002", "price": "10.00", "available_days": "Tuesday", "available_weeks": "1,2", "is_veg": true}}, {"model": "main.combo", "pk": "556ac654-9ad5-4785-aa38-d614a22c9d48", "fields": {"created": "2024-08-21T06:37:07.707Z", "updated": "2024-08-21T06:37:07.707Z", "creator": null, "is_active": true, "tier": "StandardVeg", "mealtype": "BREAKFAST", "category": "068ac42f-527e-456d-9d12-fe91d6cdf8b8", "image": "", "name": "Idli, Sambar, Chutney (2 Types)", "item_code": "SB007", "price": "10.00", "available_days": "Sunday", "available_weeks": "2", "is_veg": true}}, {"model": "main.combo", "pk": "56c3411c-909e-4e13-af36-77d0e000f4fb", "fields": {"created": "2024-08-21T06:37:07.565Z", "updated": "2024-08-21T06:37:07.565Z", "creator": null, "is_active": true, "tier": "Essential", "mealtype": "DINNER", "category": "068ac42f-527e-456d-9d12-fe91d6cdf8b8", "image": "", "name": "Chapathi, Egg Curry", "item_code": "ED001", "price": "10.00", "available_days": "Monday", "available_weeks": "1,2", "is_veg": false}}, {"model": "main.combo", "pk": "574ac3e6-4dec-4e91-9eb7-7092b5602059", "fields": {"created": "2024-08-21T06:37:07.771Z", "updated": "2024-08-21T06:37:07.771Z", "creator": null, "is_active": true, "tier": "StandardNonVeg", "mealtype": "BREAKFAST", "category": "068ac42f-527e-456d-9d12-fe91d6cdf8b8", "image": "", "name": "Kerala Porotta, Egg Kuruma", "item_code": "SB015", "price": "10.00", "available_days": "Tuesday", "available_weeks": "2", "is_veg": false}}, {"model": "main.combo", "pk": "57918ccf-a334-4062-9c21-66a2329db702", "fields": {"created": "2024-08-21T06:37:07.766Z", "updated": "2024-08-21T06:37:07.766Z", "creator": null, "is_active": true, "tier": "StandardNonVeg", "mealtype": "BREAKFAST", "category": "068ac42f-527e-456d-9d12-fe91d6cdf8b8", "image": "", "name": "Upma, Sugar, Banana", "item_code": "SB006", "price": "10.00", "available_days": "Saturday", "available_weeks": "1", "is_veg": false}}, {"model": "main.combo", "pk": "582df908-6c01-4d1d-9424-b3820c39ab04", "fields": {"created": "2024-08-21T06:37:07.637Z", "updated": "2024-08-21T06:37:07.637Z", "creator": null, "is_active": true, "tier": "ClassicNonVeg", "mealtype": "TIFFIN_LUNCH", "category": "068ac42f-527e-456d-9d12-fe91d6cdf8b8", "image": "", "name": "Ghee Rice, Chicken Curry, Pickle, Vinegar Salad", "item_code": "CTL001", "price": "10.00", "available_days": "Monday", "available_weeks": "1,2", "is_veg": false}}, {"model": "main.combo", "pk": "58e256b9-3a65-435c-b2fc-0e69ac721e07", "fields": {"created": "2024-08-21T06:37:07.558Z", "updated": "2024-08-21T06:37:07.558Z", "creator": null, "is_active": true, "tier": "Essential", "mealtype": "TIFFIN_LUNCH", "category": "068ac42f-527e-456d-9d12-fe91d6cdf8b8", "image": "", "name": "Veg Pulao, Raita, Pickle", "item_code": "ETL004", "price": "10.00", "available_days": "Thursday", "available_weeks": "1,2", "is_veg": true}}, {"model": "main.combo", "pk": "5a4b0493-ba19-45cb-b553-8470a9c273b3", "fields": {"created": "2024-08-21T06:37:07.551Z", "updated": "2024-08-21T06:37:07.551Z", "creator": null, "is_active": true, "tier": "Essential", "mealtype": "TIFFIN_LUNCH", "category": "068ac42f-527e-456d-9d12-fe91d6cdf8b8", "image": "", "name": "Ghee Rice, Chicken Curry, Pickle, Veg Salad", "item_code": "ETL001", "price": "10.00", "available_days": "Monday", "available_weeks": "1,2", "is_veg": false}}, {"model": "main.combo", "pk": "5bdd6ad7-dfe3-43ac-846e-0032dc5d8b6e", "fields": {"created": "2024-08-21T06:37:07.666Z", "updated": "2024-08-21T06:37:07.666Z", "creator": null, "is_active": true, "tier": "ClassicNonVeg", "mealtype": "LUNCH", "category": "068ac42f-527e-456d-9d12-fe91d6cdf8b8", "image": "", "name": "Lavash Bread, Chana Dal, Sausage Masala, Pickle", "item_code": "CL012", "price": "10.00", "available_days": "Saturday", "available_weeks": "1,2", "is_veg": false}}, {"model": "main.combo", "pk": "5d6f3856-c826-42a6-98bb-72b907a14849", "fields": {"created": "2024-08-21T06:37:07.651Z", "updated": "2024-08-21T06:37:07.651Z", "creator": null, "is_active": true, "tier": "ClassicNonVeg", "mealtype": "LUNCH", "category": "068ac42f-527e-456d-9d12-fe91d6cdf8b8", "image": "", "name": "Barik Rice, Chicken Curry, Chana Dal Fry, Pickle", "item_code": "CL003", "price": "10.00", "available_days": "Tuesday", "available_weeks": "1,2", "is_veg": false}}, {"model": "main.combo", "pk": "5eb142e0-5921-43b2-8491-988b22bd38ed", "fields": {"created": "2024-08-21T06:37:07.738Z", "updated": "2024-08-21T06:37:07.738Z", "creator": null, "is_active": true, "tier": "StandardVeg", "mealtype": "DINNER", "category": "068ac42f-527e-456d-9d12-fe91d6cdf8b8", "image": "", "name": "Nool Porotta, White Chana special Masala", "item_code": "SD003", "price": "10.00", "available_days": "Wednesday", "available_weeks": "1", "is_veg": true}}, {"model": "main.combo", "pk": "5f570558-ddaa-4d96-bd14-027dae122d67", "fields": {"created": "2024-08-21T06:37:07.770Z", "updated": "2024-08-21T06:37:07.770Z", "creator": null, "is_active": true, "tier": "StandardNonVeg", "mealtype": "BREAKFAST", "category": "068ac42f-527e-456d-9d12-fe91d6cdf8b8", "image": "", "name": "Idiyappam, Chicken Curry", "item_code": "SB014", "price": "10.00", "available_days": "Monday", "available_weeks": "2", "is_veg": false}}, {"model": "main.combo", "pk": "5fb1cbe0-be70-4359-823b-9f9f36b4772f", "fields": {"created": "2024-08-21T06:37:07.570Z", "updated": "2024-08-21T06:37:07.570Z", "creator": null, "is_active": true, "tier": "Essential", "mealtype": "DINNER", "category": "068ac42f-527e-456d-9d12-fe91d6cdf8b8", "image": "", "name": "Parotta, Sausage Roast", "item_code": "ED004", "price": "10.00", "available_days": "Thursday", "available_weeks": "1,2", "is_veg": false}}, {"model": "main.combo", "pk": "61dfc753-5253-43bb-8263-a85a57843e1a", "fields": {"created": "2024-08-21T06:37:07.686Z", "updated": "2024-08-21T06:37:07.686Z", "creator": null, "is_active": true, "tier": "StandardVeg", "mealtype": "BREAKFAST", "category": "068ac42f-527e-456d-9d12-fe91d6cdf8b8", "image": "", "name": "Puttu, Black Chana Curry", "item_code": "SB004", "price": "10.00", "available_days": "Thursday", "available_weeks": "1", "is_veg": true}}, {"model": "main.combo", "pk": "654aad4c-efa8-47c0-8a05-1546db223b1f", "fields": {"created": "2024-08-21T06:37:07.798Z", "updated": "2024-08-21T06:37:07.798Z", "creator": null, "is_active": true, "tier": "StandardNonVeg", "mealtype": "LUNCH", "category": "068ac42f-527e-456d-9d12-fe91d6cdf8b8", "image": "", "name": "Barik Rice, Fish Curry, Fish Fry, Upperi, Side curry, Pickle, Papadam", "item_code": "SL017", "price": "10.00", "available_days": "Thursday", "available_weeks": "2", "is_veg": false}}, {"model": "main.combo", "pk": "664f606d-a697-43db-90a1-fef4c52de60c", "fields": {"created": "2024-08-21T06:37:07.689Z", "updated": "2024-08-21T06:37:07.689Z", "creator": null, "is_active": true, "tier": "StandardVeg", "mealtype": "BREAKFAST", "category": "068ac42f-527e-456d-9d12-fe91d6cdf8b8", "image": "", "name": "Upma, Sugar, Banana", "item_code": "SB006", "price": "10.00", "available_days": "Saturday", "available_weeks": "1", "is_veg": true}}, {"model": "main.combo", "pk": "66991a64-cfbb-4dca-aff8-60f2fea9d638", "fields": {"created": "2024-08-21T06:37:07.796Z", "updated": "2024-08-21T06:37:07.796Z", "creator": null, "is_active": true, "tier": "StandardNonVeg", "mealtype": "LUNCH", "category": "068ac42f-527e-456d-9d12-fe91d6cdf8b8", "image": "", "name": "Hyderabadi Chicken Biryani, Raita, Pickle, Chammanthi (Coconut Chutney), Papadam", "item_code": "SL021", "price": "10.00", "available_days": "Wednesday", "available_weeks": "2", "is_veg": false}}, {"model": "main.combo", "pk": "67628c59-02ef-4d0d-8eaf-6bf791ec786f", "fields": {"created": "2024-08-21T06:37:07.554Z", "updated": "2024-08-21T06:37:07.554Z", "creator": null, "is_active": true, "tier": "Essential", "mealtype": "TIFFIN_LUNCH", "category": "068ac42f-527e-456d-9d12-fe91d6cdf8b8", "image": "", "name": "Veg Biryani, Vinegar Salad, Pickle", "item_code": "ETL002", "price": "10.00", "available_days": "Tuesday", "available_weeks": "1,2", "is_veg": true}}, {"model": "main.combo", "pk": "69368d4d-aaab-4001-877d-5dfdf9ca859e", "fields": {"created": "2024-08-21T06:37:07.661Z", "updated": "2024-08-21T06:37:07.661Z", "creator": null, "is_active": true, "tier": "ClassicNonVeg", "mealtype": "LUNCH", "category": "068ac42f-527e-456d-9d12-fe91d6cdf8b8", "image": "", "name": "Chicken Biryani, Vinegar Salad, Pickle", "item_code": "CL009", "price": "10.00", "available_days": "Friday", "available_weeks": "1,2", "is_veg": false}}, {"model": "main.combo", "pk": "6d286923-7acc-4a0d-8ca6-8a4e2c3bae6f", "fields": {"created": "2024-08-21T06:37:07.673Z", "updated": "2024-08-21T06:37:07.673Z", "creator": null, "is_active": true, "tier": "ClassicNonVeg", "mealtype": "DINNER", "category": "068ac42f-527e-456d-9d12-fe91d6cdf8b8", "image": "", "name": "Chapathi, Chicken Sukka", "item_code": "CD003", "price": "10.00", "available_days": "Wednesday", "available_weeks": "1,2", "is_veg": false}}, {"model": "main.combo", "pk": "6de0e453-e01c-43cc-9b0c-a50338109642", "fields": {"created": "2024-08-21T06:37:07.591Z", "updated": "2024-08-21T06:37:07.592Z", "creator": null, "is_active": true, "tier": "ClassicVeg", "mealtype": "LUNCH", "category": "068ac42f-527e-456d-9d12-fe91d6cdf8b8", "image": "", "name": "Veg Biryani, Vinegar Salad, Pickle", "item_code": "CL014", "price": "10.00", "available_days": "Monday", "available_weeks": "1,2", "is_veg": true}}, {"model": "main.combo", "pk": "7010c947-4446-4fd4-a406-257d2d553687", "fields": {"created": "2024-08-21T06:37:07.524Z", "updated": "2024-08-21T06:37:07.524Z", "creator": null, "is_active": true, "tier": "Essential", "mealtype": "BREAKFAST", "category": "068ac42f-527e-456d-9d12-fe91d6cdf8b8", "image": "", "name": "Idiyappam, Veg Stew", "item_code": "EB001", "price": "10.00", "available_days": "Monday", "available_weeks": "1,2", "is_veg": true}}, {"model": "main.combo", "pk": "70201ccd-1cb1-4f37-9fcf-5e4a100ceb59", "fields": {"created": "2024-08-21T06:37:07.605Z", "updated": "2024-08-21T06:37:07.605Z", "creator": null, "is_active": true, "tier": "ClassicVeg", "mealtype": "LUNCH", "category": "068ac42f-527e-456d-9d12-fe91d6cdf8b8", "image": "", "name": "Hyderabadi Veg Biryani, Vinegar Salad, Pickle", "item_code": "CL022", "price": "10.00", "available_days": "Friday", "available_weeks": "1,2", "is_veg": true}}, {"model": "main.combo", "pk": "70bc2d1f-147e-478b-b985-59ff150ac22c", "fields": {"created": "2024-08-21T06:37:07.588Z", "updated": "2024-08-21T06:37:07.588Z", "creator": null, "is_active": true, "tier": "ClassicVeg", "mealtype": "BREAKFAST", "category": "068ac42f-527e-456d-9d12-fe91d6cdf8b8", "image": "", "name": "Chapathi, Soya Roast", "item_code": "CB013", "price": "10.00", "available_days": "Saturday", "available_weeks": "1,2", "is_veg": true}}, {"model": "main.combo", "pk": "70ca0bfa-64a5-4fb3-9813-6293453198bc", "fields": {"created": "2024-08-21T06:37:07.635Z", "updated": "2024-08-21T06:37:07.635Z", "creator": null, "is_active": true, "tier": "ClassicNonVeg", "mealtype": "BREAKFAST", "category": "068ac42f-527e-456d-9d12-fe91d6cdf8b8", "image": "", "name": "Parotta, Chicken Kadai", "item_code": "CB007", "price": "10.00", "available_days": "Sunday", "available_weeks": "1,2", "is_veg": false}}, {"model": "main.combo", "pk": "710e5143-2606-4dd5-b1b5-9ece4752c74d", "fields": {"created": "2024-08-21T06:37:07.611Z", "updated": "2024-08-21T06:37:07.611Z", "creator": null, "is_active": true, "tier": "ClassicVeg", "mealtype": "LUNCH", "category": "068ac42f-527e-456d-9d12-fe91d6cdf8b8", "image": "", "name": "Lavash Bread, Chana Dal, Mix Veg Curry, Pickle", "item_code": "CL025", "price": "10.00", "available_days": "Saturday", "available_weeks": "1,2", "is_veg": true}}, {"model": "main.combo", "pk": "73dca7ce-2450-474f-9e8a-adc4310a7a4b", "fields": {"created": "2024-08-21T06:37:07.753Z", "updated": "2024-08-21T06:37:07.753Z", "creator": null, "is_active": true, "tier": "StandardVeg", "mealtype": "DINNER", "category": "068ac42f-527e-456d-9d12-fe91d6cdf8b8", "image": "", "name": "Nool Porotta, Aloo Mutter", "item_code": "SD010", "price": "10.00", "available_days": "Friday", "available_weeks": "2", "is_veg": true}}, {"model": "main.combo", "pk": "75688e80-cca0-463c-b483-938c8c69f15d", "fields": {"created": "2024-08-21T06:37:07.773Z", "updated": "2024-08-21T06:37:07.773Z", "creator": null, "is_active": true, "tier": "StandardNonVeg", "mealtype": "BREAKFAST", "category": "068ac42f-527e-456d-9d12-fe91d6cdf8b8", "image": "", "name": "Uthappam, Sambar, Chutney (2 Types)", "item_code": "SB003", "price": "10.00", "available_days": "Wednesday", "available_weeks": "2", "is_veg": false}}, {"model": "main.combo", "pk": "75ee10a0-eb84-45a0-a00c-8e7d8f11629e", "fields": {"created": "2024-08-21T06:37:07.621Z", "updated": "2024-08-21T06:37:07.621Z", "creator": null, "is_active": true, "tier": "ClassicVeg", "mealtype": "DINNER", "category": "068ac42f-527e-456d-9d12-fe91d6cdf8b8", "image": "", "name": "Chapathi, White Chana Masala", "item_code": "CD012", "price": "10.00", "available_days": "Friday", "available_weeks": "1,2", "is_veg": true}}, {"model": "main.combo", "pk": "792080c9-b216-453b-b2e6-8e630fea854f", "fields": {"created": "2024-08-21T06:37:07.622Z", "updated": "2024-08-21T06:37:07.622Z", "creator": null, "is_active": true, "tier": "ClassicVeg", "mealtype": "DINNER", "category": "068ac42f-527e-456d-9d12-fe91d6cdf8b8", "image": "", "name": "Ghee Rice, Dal Makhani, Pickle", "item_code": "CD013", "price": "10.00", "available_days": "Saturday", "available_weeks": "1,2", "is_veg": true}}, {"model": "main.combo", "pk": "7c8ab5f8-6b22-4891-9c6c-1aefd950a74c", "fields": {"created": "2024-08-21T06:37:07.670Z", "updated": "2024-08-21T06:37:07.670Z", "creator": null, "is_active": true, "tier": "ClassicNonVeg", "mealtype": "DINNER", "category": "068ac42f-527e-456d-9d12-fe91d6cdf8b8", "image": "", "name": "Chapathi, Egg Curry", "item_code": "CD001", "price": "10.00", "available_days": "Monday", "available_weeks": "1,2", "is_veg": false}}, {"model": "main.combo", "pk": "7ccb2244-cf12-4e6a-bd0b-fccfc972486b", "fields": {"created": "2024-08-21T06:37:07.644Z", "updated": "2024-08-21T06:37:07.644Z", "creator": null, "is_active": true, "tier": "ClassicNonVeg", "mealtype": "TIFFIN_LUNCH", "category": "068ac42f-527e-456d-9d12-fe91d6cdf8b8", "image": "", "name": "Chicken Biryani, Vinegar Salad, Pickle", "item_code": "CTL005", "price": "10.00", "available_days": "Friday", "available_weeks": "1,2", "is_veg": false}}, {"model": "main.combo", "pk": "7cd5d140-e2b1-4276-a5ec-a420c7b28dbd", "fields": {"created": "2024-08-21T06:37:07.568Z", "updated": "2024-08-21T06:37:07.569Z", "creator": null, "is_active": true, "tier": "Essential", "mealtype": "DINNER", "category": "068ac42f-527e-456d-9d12-fe91d6cdf8b8", "image": "", "name": "Chapathi, Green Peas Kurma", "item_code": "ED003", "price": "10.00", "available_days": "Wednesday", "available_weeks": "1,2", "is_veg": true}}, {"model": "main.combo", "pk": "7ecd36d3-5403-459d-b8ba-ceb0bab2ff9e", "fields": {"created": "2024-08-21T06:37:07.777Z", "updated": "2024-08-21T06:37:07.777Z", "creator": null, "is_active": true, "tier": "StandardNonVeg", "mealtype": "BREAKFAST", "category": "068ac42f-527e-456d-9d12-fe91d6cdf8b8", "image": "", "name": "Upma, Soya Roast", "item_code": "SB011", "price": "10.00", "available_days": "Saturday", "available_weeks": "2", "is_veg": false}}, {"model": "main.combo", "pk": "813fab85-f3ac-4d5d-92da-3f132bab71af", "fields": {"created": "2024-08-21T06:37:07.760Z", "updated": "2024-08-21T06:37:07.760Z", "creator": null, "is_active": true, "tier": "StandardNonVeg", "mealtype": "BREAKFAST", "category": "068ac42f-527e-456d-9d12-fe91d6cdf8b8", "image": "", "name": "Kerala Porotta, Egg Curry", "item_code": "SB013", "price": "10.00", "available_days": "Tuesday", "available_weeks": "1", "is_veg": false}}, {"model": "main.combo", "pk": "82c1fefe-ca08-46b9-8e9f-1675097e0fb0", "fields": {"created": "2024-08-21T06:37:07.640Z", "updated": "2024-08-21T06:37:07.640Z", "creator": null, "is_active": true, "tier": "ClassicNonVeg", "mealtype": "TIFFIN_LUNCH", "category": "068ac42f-527e-456d-9d12-fe91d6cdf8b8", "image": "", "name": "Chicken Kabsa, Vinegar Salad, Pickle", "item_code": "CTL003", "price": "10.00", "available_days": "Wednesday", "available_weeks": "1,2", "is_veg": false}}, {"model": "main.combo", "pk": "831fbf95-6c5f-4f22-8863-183389efa6f2", "fields": {"created": "2024-08-21T06:37:07.809Z", "updated": "2024-08-21T06:37:07.809Z", "creator": null, "is_active": true, "tier": "StandardNonVeg", "mealtype": "DINNER", "category": "068ac42f-527e-456d-9d12-fe91d6cdf8b8", "image": "", "name": "Nool Porotta, Chicken Varutharachathu", "item_code": "SD014", "price": "10.00", "available_days": "Wednesday", "available_weeks": "1", "is_veg": false}}, {"model": "main.combo", "pk": "84b8c4c9-4177-4d65-be85-dda7571bcb1f", "fields": {"created": "2024-08-21T06:37:07.775Z", "updated": "2024-08-21T06:37:07.775Z", "creator": null, "is_active": true, "tier": "StandardNonVeg", "mealtype": "BREAKFAST", "category": "068ac42f-527e-456d-9d12-fe91d6cdf8b8", "image": "", "name": "Puttu, Cherupayaru (Green Gram)", "item_code": "SB010", "price": "10.00", "available_days": "Thursday", "available_weeks": "2", "is_veg": false}}, {"model": "main.combo", "pk": "859eaa8f-e3f2-4749-b7ba-e9f4412f1c8b", "fields": {"created": "2024-08-21T06:37:07.583Z", "updated": "2024-08-21T06:37:07.583Z", "creator": null, "is_active": true, "tier": "ClassicVeg", "mealtype": "BREAKFAST", "category": "068ac42f-527e-456d-9d12-fe91d6cdf8b8", "image": "", "name": "Wheat Parotta, Chana Masala", "item_code": "CB011", "price": "10.00", "available_days": "Thursday", "available_weeks": "1,2", "is_veg": true}}, {"model": "main.combo", "pk": "86de6e1f-89f9-47d5-b01e-ad34fccaa58a", "fields": {"created": "2024-08-21T06:37:07.795Z", "updated": "2024-08-21T06:37:07.795Z", "creator": null, "is_active": true, "tier": "StandardNonVeg", "mealtype": "LUNCH", "category": "068ac42f-527e-456d-9d12-fe91d6cdf8b8", "image": "", "name": "Barik Rice, Fish Curry, Fish Fry, Upperi, Side curry, Pickle, Papadam", "item_code": "SL017", "price": "10.00", "available_days": "Tuesday", "available_weeks": "2", "is_veg": false}}, {"model": "main.combo", "pk": "872fb239-340f-4f70-8b1d-385c129f9189", "fields": {"created": "2024-08-21T06:37:07.687Z", "updated": "2024-08-21T06:37:07.687Z", "creator": null, "is_active": true, "tier": "StandardVeg", "mealtype": "BREAKFAST", "category": "068ac42f-527e-456d-9d12-fe91d6cdf8b8", "image": "", "name": "Plain Dosa, Sambar, Chutney (2 Types)", "item_code": "SB005", "price": "10.00", "available_days": "Friday", "available_weeks": "1", "is_veg": true}}, {"model": "main.combo", "pk": "8b999bb9-5bd6-495a-a3c0-eff44001bd38", "fields": {"created": "2024-08-21T06:37:07.546Z", "updated": "2024-08-21T06:37:07.546Z", "creator": null, "is_active": true, "tier": "Essential", "mealtype": "LUNCH", "category": "068ac42f-527e-456d-9d12-fe91d6cdf8b8", "image": "", "name": "Chicken Biryani, Vinegar Salad, Pickle", "item_code": "EL005", "price": "10.00", "available_days": "Friday", "available_weeks": "1,2", "is_veg": false}}, {"model": "main.combo", "pk": "8c16b91a-b82c-45ba-a546-335246b6cdcd", "fields": {"created": "2024-08-21T06:37:07.603Z", "updated": "2024-08-21T06:37:07.603Z", "creator": null, "is_active": true, "tier": "ClassicVeg", "mealtype": "LUNCH", "category": "068ac42f-527e-456d-9d12-fe91d6cdf8b8", "image": "", "name": "Lavash Bread, Rajma Masala, Dal Palak, Pickle", "item_code": "CL021", "price": "10.00", "available_days": "Thursday", "available_weeks": "1,2", "is_veg": true}}, {"model": "main.combo", "pk": "8c357b50-48b9-41aa-814d-1194616c88d2", "fields": {"created": "2024-08-21T06:37:07.655Z", "updated": "2024-08-21T06:37:07.655Z", "creator": null, "is_active": true, "tier": "ClassicNonVeg", "mealtype": "LUNCH", "category": "068ac42f-527e-456d-9d12-fe91d6cdf8b8", "image": "", "name": "Chicken Mandi, Arabic Chutney, Pickle", "item_code": "CL005", "price": "10.00", "available_days": "Wednesday", "available_weeks": "1,2", "is_veg": false}}, {"model": "main.combo", "pk": "8cf711d6-1583-449f-9dde-8fabc5483d58", "fields": {"created": "2024-08-21T06:37:07.813Z", "updated": "2024-08-21T06:37:07.813Z", "creator": null, "is_active": true, "tier": "StandardNonVeg", "mealtype": "DINNER", "category": "068ac42f-527e-456d-9d12-fe91d6cdf8b8", "image": "", "name": "Ghee Rice, Chicken Dry Fry, Dal Tadka", "item_code": "SD016", "price": "10.00", "available_days": "Saturday", "available_weeks": "1", "is_veg": false}}, {"model": "main.combo", "pk": "8dfc32cf-8248-4ae0-8bc9-04a58da866ba", "fields": {"created": "2024-08-21T06:37:07.646Z", "updated": "2024-08-21T06:37:07.646Z", "creator": null, "is_active": true, "tier": "ClassicNonVeg", "mealtype": "TIFFIN_LUNCH", "category": "068ac42f-527e-456d-9d12-fe91d6cdf8b8", "image": "", "name": "Chicken Machboos, Vinegar Salad, Pickle", "item_code": "CTL007", "price": "10.00", "available_days": "Sunday", "available_weeks": "1,2", "is_veg": false}}, {"model": "main.combo", "pk": "90274826-a580-4443-8b1f-4c4d7a68a72f", "fields": {"created": "2024-08-21T06:37:07.681Z", "updated": "2024-08-21T06:37:07.681Z", "creator": null, "is_active": true, "tier": "StandardVeg", "mealtype": "BREAKFAST", "category": "068ac42f-527e-456d-9d12-fe91d6cdf8b8", "image": "", "name": "Idiyappam, Veg Stew", "item_code": "SB001", "price": "10.00", "available_days": "Monday", "available_weeks": "1", "is_veg": true}}, {"model": "main.combo", "pk": "9572471a-2110-462f-8ad2-7096d920f200", "fields": {"created": "2024-08-21T06:37:07.825Z", "updated": "2024-08-21T06:37:07.826Z", "creator": null, "is_active": true, "tier": "StandardNonVeg", "mealtype": "DINNER", "category": "068ac42f-527e-456d-9d12-fe91d6cdf8b8", "image": "", "name": "Ghee Rice, Chicken Dry Fry, Dal Tadka", "item_code": "SD016", "price": "10.00", "available_days": "Saturday", "available_weeks": "2", "is_veg": false}}, {"model": "main.combo", "pk": "95bfb1c0-919c-4bd3-b45c-165dbd0d86a2", "fields": {"created": "2024-08-21T06:37:07.560Z", "updated": "2024-08-21T06:37:07.560Z", "creator": null, "is_active": true, "tier": "Essential", "mealtype": "TIFFIN_LUNCH", "category": "068ac42f-527e-456d-9d12-fe91d6cdf8b8", "image": "", "name": "Chicken Biryani, Vinegar Salad, Pickle", "item_code": "ETL005", "price": "10.00", "available_days": "Friday", "available_weeks": "1,2", "is_veg": false}}, {"model": "main.combo", "pk": "95f0ac3c-ec4a-4589-811c-a78ec8f01a7f", "fields": {"created": "2024-08-21T06:37:07.787Z", "updated": "2024-08-21T06:37:07.787Z", "creator": null, "is_active": true, "tier": "StandardNonVeg", "mealtype": "LUNCH", "category": "068ac42f-527e-456d-9d12-fe91d6cdf8b8", "image": "", "name": "Chicken Biryani, Raita, Pickle, Chammanthi (Coconut Chutney), Papadam, Sweets", "item_code": "SL018", "price": "10.00", "available_days": "Friday", "available_weeks": "1", "is_veg": false}}, {"model": "main.combo", "pk": "97e1cd25-59e5-4de3-880a-a8d24a853380", "fields": {"created": "2024-08-21T06:37:07.548Z", "updated": "2024-08-21T06:37:07.548Z", "creator": null, "is_active": true, "tier": "Essential", "mealtype": "LUNCH", "category": "068ac42f-527e-456d-9d12-fe91d6cdf8b8", "image": "", "name": "Ghee Rice, Beef Curry, Pickle", "item_code": "EL006", "price": "10.00", "available_days": "Saturday", "available_weeks": "1,2", "is_veg": false}}, {"model": "main.combo", "pk": "992b217a-23fb-4ea0-bbd0-f23a8c878058", "fields": {"created": "2024-08-21T06:37:07.642Z", "updated": "2024-08-21T06:37:07.642Z", "creator": null, "is_active": true, "tier": "ClassicNonVeg", "mealtype": "TIFFIN_LUNCH", "category": "068ac42f-527e-456d-9d12-fe91d6cdf8b8", "image": "", "name": "Hyderabadi Veg Biryani, Raita, Pickle", "item_code": "CTL004", "price": "10.00", "available_days": "Thursday", "available_weeks": "1,2", "is_veg": false}}, {"model": "main.combo", "pk": "9d3bb4aa-d82a-48ca-9476-2995b64ef6b2", "fields": {"created": "2024-08-21T06:37:07.710Z", "updated": "2024-08-21T06:37:07.710Z", "creator": null, "is_active": true, "tier": "StandardVeg", "mealtype": "LUNCH", "category": "068ac42f-527e-456d-9d12-fe91d6cdf8b8", "image": "", "name": "Ghee Rice, Soya Roast, Dal Curry & Yogurt, Pickle, Chammanthi (Coconut Chutney), Papadam", "item_code": "SL001", "price": "10.00", "available_days": "Monday", "available_weeks": "1", "is_veg": true}}, {"model": "main.combo", "pk": "9e47e1b6-514d-43c4-a342-5e3804891d0f", "fields": {"created": "2024-08-21T06:37:07.632Z", "updated": "2024-08-21T06:37:07.632Z", "creator": null, "is_active": true, "tier": "ClassicNonVeg", "mealtype": "BREAKFAST", "category": "068ac42f-527e-456d-9d12-fe91d6cdf8b8", "image": "", "name": "Chapathi, Chana Masala", "item_code": "CB005", "price": "10.00", "available_days": "Friday", "available_weeks": "1,2", "is_veg": false}}, {"model": "main.combo", "pk": "9f5e0590-d006-4b83-8e41-e35520e68e7c", "fields": {"created": "2024-08-21T06:37:07.582Z", "updated": "2024-08-21T06:37:07.582Z", "creator": null, "is_active": true, "tier": "ClassicVeg", "mealtype": "BREAKFAST", "category": "068ac42f-527e-456d-9d12-fe91d6cdf8b8", "image": "", "name": "Lavash Bread, Aloo Mutter", "item_code": "CB010", "price": "10.00", "available_days": "Wednesday", "available_weeks": "1,2", "is_veg": true}}, {"model": "main.combo", "pk": "9fc12dc0-c94b-4cc7-a72e-ecd2bde74f86", "fields": {"created": "2024-08-21T06:37:07.780Z", "updated": "2024-08-21T06:37:07.780Z", "creator": null, "is_active": true, "tier": "StandardNonVeg", "mealtype": "LUNCH", "category": "068ac42f-527e-456d-9d12-fe91d6cdf8b8", "image": "", "name": "Ghee Rice, Chicken Kuruma, Raita, Pickle, Chammanthi (Coconut Chutney), Papadam", "item_code": "SL014", "price": "10.00", "available_days": "Monday", "available_weeks": "1", "is_veg": false}}, {"model": "main.combo", "pk": "a0a57003-85ec-4077-9d79-8a938a99213b", "fields": {"created": "2024-08-21T06:37:07.658Z", "updated": "2024-08-21T06:37:07.658Z", "creator": null, "is_active": true, "tier": "ClassicNonVeg", "mealtype": "LUNCH", "category": "068ac42f-527e-456d-9d12-fe91d6cdf8b8", "image": "", "name": "Barik Rice, Chicken Curry, Aloo Palak, Pickle", "item_code": "CL007", "price": "10.00", "available_days": "Thursday", "available_weeks": "1,2", "is_veg": false}}, {"model": "main.combo", "pk": "a0e938cc-24df-488c-9c30-9441476e1528", "fields": {"created": "2024-08-21T06:37:07.619Z", "updated": "2024-08-21T06:37:07.619Z", "creator": null, "is_active": true, "tier": "ClassicVeg", "mealtype": "DINNER", "category": "068ac42f-527e-456d-9d12-fe91d6cdf8b8", "image": "", "name": "Parotta, Aloo Gobi", "item_code": "CD011", "price": "10.00", "available_days": "Thursday", "available_weeks": "1,2", "is_veg": true}}, {"model": "main.combo", "pk": "a2795a0c-fb27-462f-a3a7-3f3db452d096", "fields": {"created": "2024-08-21T06:37:07.749Z", "updated": "2024-08-21T06:37:07.749Z", "creator": null, "is_active": true, "tier": "StandardVeg", "mealtype": "DINNER", "category": "068ac42f-527e-456d-9d12-fe91d6cdf8b8", "image": "", "name": "Nool Porotta, Veg Stew", "item_code": "SD009", "price": "10.00", "available_days": "Wednesday", "available_weeks": "2", "is_veg": true}}, {"model": "main.combo", "pk": "a7a5142c-75fc-4417-948c-9aea03942d36", "fields": {"created": "2024-08-21T06:37:07.805Z", "updated": "2024-08-21T06:37:07.805Z", "creator": null, "is_active": true, "tier": "StandardNonVeg", "mealtype": "DINNER", "category": "068ac42f-527e-456d-9d12-fe91d6cdf8b8", "image": "", "name": "Chapathi, Chicken Sukka, Gravy", "item_code": "SD013", "price": "10.00", "available_days": "Monday", "available_weeks": "1", "is_veg": false}}, {"model": "main.combo", "pk": "a80623ad-1950-4000-b8f8-b2e92a8ce06d", "fields": {"created": "2024-08-21T06:37:07.537Z", "updated": "2024-08-21T06:37:07.537Z", "creator": null, "is_active": true, "tier": "Essential", "mealtype": "LUNCH", "category": "068ac42f-527e-456d-9d12-fe91d6cdf8b8", "image": "", "name": "Veg Biryani, Vinegar Salad, Pickle", "item_code": "EL001", "price": "10.00", "available_days": "Monday", "available_weeks": "1,2", "is_veg": true}}, {"model": "main.combo", "pk": "a93d9c29-56c0-4076-9b83-c085e3d66326", "fields": {"created": "2024-08-21T06:37:07.671Z", "updated": "2024-08-21T06:37:07.671Z", "creator": null, "is_active": true, "tier": "ClassicNonVeg", "mealtype": "DINNER", "category": "068ac42f-527e-456d-9d12-fe91d6cdf8b8", "image": "", "name": "Parotta, White Chana Chicken Masala", "item_code": "CD002", "price": "10.00", "available_days": "Tuesday", "available_weeks": "1,2", "is_veg": false}}, {"model": "main.combo", "pk": "ad96cb3c-9008-4362-981c-9d2e688ac13a", "fields": {"created": "2024-08-21T06:37:07.779Z", "updated": "2024-08-21T06:37:07.779Z", "creator": null, "is_active": true, "tier": "StandardNonVeg", "mealtype": "BREAKFAST", "category": "068ac42f-527e-456d-9d12-fe91d6cdf8b8", "image": "", "name": "Idli, Sambar, Chutney (2 Types)", "item_code": "SB007", "price": "10.00", "available_days": "Sunday", "available_weeks": "2", "is_veg": false}}, {"model": "main.combo", "pk": "ae85511d-ee0f-4bc2-86da-4cc6d4de66e6", "fields": {"created": "2024-08-21T06:37:07.791Z", "updated": "2024-08-21T06:37:07.791Z", "creator": null, "is_active": true, "tier": "StandardNonVeg", "mealtype": "LUNCH", "category": "068ac42f-527e-456d-9d12-fe91d6cdf8b8", "image": "", "name": "Chicken Machboos, Arabic Chutney, Raita", "item_code": "SL019", "price": "10.00", "available_days": "Sunday", "available_weeks": "1", "is_veg": false}}, {"model": "main.combo", "pk": "b20cc042-4afe-4791-bf2f-0c7627836cf5", "fields": {"created": "2024-08-21T06:37:07.722Z", "updated": "2024-08-21T06:37:07.722Z", "creator": null, "is_active": true, "tier": "StandardVeg", "mealtype": "LUNCH", "category": "068ac42f-527e-456d-9d12-fe91d6cdf8b8", "image": "", "name": "Ghee Rice, Chilli Gobi, Dal Curry, Raita, Pickle, Chammanthi (Coconut Chutney), Papadam", "item_code": "SL008", "price": "10.00", "available_days": "Monday", "available_weeks": "2", "is_veg": true}}, {"model": "main.combo", "pk": "b2b4d762-487a-445a-b17e-7a28218dbc39", "fields": {"created": "2024-08-21T06:37:07.659Z", "updated": "2024-08-21T06:37:07.659Z", "creator": null, "is_active": true, "tier": "ClassicNonVeg", "mealtype": "LUNCH", "category": "068ac42f-527e-456d-9d12-fe91d6cdf8b8", "image": "", "name": "Lavash Bread, Chicken Curry, Aloo Palak, Pickle", "item_code": "CL008", "price": "10.00", "available_days": "Thursday", "available_weeks": "1,2", "is_veg": false}}, {"model": "main.combo", "pk": "b5d26370-358b-49fb-b5d1-cfffe7fdc0ff", "fields": {"created": "2024-08-21T06:37:07.653Z", "updated": "2024-08-21T06:37:07.653Z", "creator": null, "is_active": true, "tier": "ClassicNonVeg", "mealtype": "LUNCH", "category": "068ac42f-527e-456d-9d12-fe91d6cdf8b8", "image": "", "name": "Lavash Bread, Chicken Curry, Chana Dal Fry, Pickle", "item_code": "CL004", "price": "10.00", "available_days": "Tuesday", "available_weeks": "1,2", "is_veg": false}}, {"model": "main.combo", "pk": "b6c7da83-2b1a-4c3e-ab0f-7fcbb9fde8df", "fields": {"created": "2024-08-21T06:37:07.648Z", "updated": "2024-08-21T06:37:07.648Z", "creator": null, "is_active": true, "tier": "ClassicNonVeg", "mealtype": "LUNCH", "category": "068ac42f-527e-456d-9d12-fe91d6cdf8b8", "image": "", "name": "Ghee Rice, Chicken Kuruma, Raita, Pickle", "item_code": "CL001", "price": "10.00", "available_days": "Monday", "available_weeks": "1,2", "is_veg": false}}, {"model": "main.combo", "pk": "b7baab73-66cc-48ad-a4ef-3799b588bc58", "fields": {"created": "2024-08-21T06:37:07.633Z", "updated": "2024-08-21T06:37:07.633Z", "creator": null, "is_active": true, "tier": "ClassicNonVeg", "mealtype": "BREAKFAST", "category": "068ac42f-527e-456d-9d12-fe91d6cdf8b8", "image": "", "name": "Wheat Parotta, Egg Roast", "item_code": "CB006", "price": "10.00", "available_days": "Saturday", "available_weeks": "1,2", "is_veg": false}}, {"model": "main.combo", "pk": "bbe661a8-e8fc-4c69-935b-4d6eb7401315", "fields": {"created": "2024-08-21T06:37:07.716Z", "updated": "2024-08-21T06:37:07.716Z", "creator": null, "is_active": true, "tier": "StandardVeg", "mealtype": "LUNCH", "category": "068ac42f-527e-456d-9d12-fe91d6cdf8b8", "image": "", "name": "Barik or Matta Rice, Yogurt curry, Kondattam (Sun-dried Chilies), Upperi, Side curry, Pickle, Papadam", "item_code": "SL004", "price": "10.00", "available_days": "Thursday", "available_weeks": "1", "is_veg": true}}, {"model": "main.combo", "pk": "bccc8c59-3218-4395-9f6b-cd041c078c67", "fields": {"created": "2024-08-21T06:37:07.822Z", "updated": "2024-08-21T06:37:07.822Z", "creator": null, "is_active": true, "tier": "StandardNonVeg", "mealtype": "DINNER", "category": "068ac42f-527e-456d-9d12-fe91d6cdf8b8", "image": "", "name": "Chapathi, Soya Varutharachathu", "item_code": "SD008", "price": "10.00", "available_days": "Thursday", "available_weeks": "2", "is_veg": false}}, {"model": "main.combo", "pk": "be4bd7bb-1f60-42e4-af33-cc9393131afb", "fields": {"created": "2024-08-21T06:37:07.815Z", "updated": "2024-08-21T06:37:07.815Z", "creator": null, "is_active": true, "tier": "StandardNonVeg", "mealtype": "DINNER", "category": "068ac42f-527e-456d-9d12-fe91d6cdf8b8", "image": "", "name": "Nool Porotta, Green Peas Curry", "item_code": "SD017", "price": "10.00", "available_days": "Sunday", "available_weeks": "1", "is_veg": false}}, {"model": "main.combo", "pk": "bf74b763-aca7-4c79-ab1d-975ddcc8808d", "fields": {"created": "2024-08-21T06:37:07.527Z", "updated": "2024-08-21T06:37:07.527Z", "creator": null, "is_active": true, "tier": "Essential", "mealtype": "BREAKFAST", "category": "068ac42f-527e-456d-9d12-fe91d6cdf8b8", "image": "", "name": "Uthappam, Sambar, Chutney", "item_code": "EB003", "price": "10.00", "available_days": "Wednesday", "available_weeks": "1,2", "is_veg": true}}, {"model": "main.combo", "pk": "bf95a988-037e-4519-ac6f-4fe4228ed7ef", "fields": {"created": "2024-08-21T06:37:07.740Z", "updated": "2024-08-21T06:37:07.740Z", "creator": null, "is_active": true, "tier": "StandardVeg", "mealtype": "DINNER", "category": "068ac42f-527e-456d-9d12-fe91d6cdf8b8", "image": "", "name": "Chapathi, Paneer Butter Masala", "item_code": "SD004", "price": "10.00", "available_days": "Thursday", "available_weeks": "1", "is_veg": true}}, {"model": "main.combo", "pk": "c70a947e-2a3a-4589-888a-c7e533e6a5f5", "fields": {"created": "2024-08-21T06:37:07.748Z", "updated": "2024-08-21T06:37:07.748Z", "creator": null, "is_active": true, "tier": "StandardVeg", "mealtype": "DINNER", "category": "068ac42f-527e-456d-9d12-fe91d6cdf8b8", "image": "", "name": "Jeeraka Kanji / Porotta, Kappa (Tapioca), Chammanthi / Veg Kuruma", "item_code": "SD002", "price": "10.00", "available_days": "Tuesday", "available_weeks": "2", "is_veg": true}}, {"model": "main.combo", "pk": "ca63e1f1-a790-4add-bf7c-35d90130fecd", "fields": {"created": "2024-08-21T06:37:07.751Z", "updated": "2024-08-21T06:37:07.751Z", "creator": null, "is_active": true, "tier": "StandardVeg", "mealtype": "DINNER", "category": "068ac42f-527e-456d-9d12-fe91d6cdf8b8", "image": "", "name": "Chapathi, Soya Varutharachathu", "item_code": "SD008", "price": "10.00", "available_days": "Thursday", "available_weeks": "2", "is_veg": true}}, {"model": "main.combo", "pk": "cac87a8a-71c8-4fbf-9451-6f2f845004e4", "fields": {"created": "2024-08-21T06:37:07.801Z", "updated": "2024-08-21T06:37:07.801Z", "creator": null, "is_active": true, "tier": "StandardNonVeg", "mealtype": "LUNCH", "category": "068ac42f-527e-456d-9d12-fe91d6cdf8b8", "image": "", "name": "Barik Rice, Fish Curry, Fish Fry, Upperi, Side curry, Pickle, Papadam", "item_code": "SL017", "price": "10.00", "available_days": "Saturday", "available_weeks": "2", "is_veg": false}}, {"model": "main.combo", "pk": "cd72b8a6-5fc1-40ec-a6fb-246c5a1be5dc", "fields": {"created": "2024-08-21T06:37:07.807Z", "updated": "2024-08-21T06:37:07.807Z", "creator": null, "is_active": true, "tier": "StandardNonVeg", "mealtype": "DINNER", "category": "068ac42f-527e-456d-9d12-fe91d6cdf8b8", "image": "", "name": "Jeeraka Kanji / Porotta, Kappa (Tapioca), Chammanthi / Veg Kuruma", "item_code": "SD002", "price": "10.00", "available_days": "Tuesday", "available_weeks": "1", "is_veg": false}}, {"model": "main.combo", "pk": "d05a1339-990d-4dba-8b03-ca3a91a5488e", "fields": {"created": "2024-08-21T06:37:07.684Z", "updated": "2024-08-21T06:37:07.684Z", "creator": null, "is_active": true, "tier": "StandardVeg", "mealtype": "BREAKFAST", "category": "068ac42f-527e-456d-9d12-fe91d6cdf8b8", "image": "", "name": "Uthappam, Sambar, Chutney (2 Types)", "item_code": "SB003", "price": "10.00", "available_days": "Wednesday", "available_weeks": "1", "is_veg": true}}, {"model": "main.combo", "pk": "d3596e2a-4189-41a7-9574-276b5bb8aa2f", "fields": {"created": "2024-08-21T06:37:07.746Z", "updated": "2024-08-21T06:37:07.746Z", "creator": null, "is_active": true, "tier": "StandardVeg", "mealtype": "DINNER", "category": "068ac42f-527e-456d-9d12-fe91d6cdf8b8", "image": "", "name": "Chapathi, Soya Varutharachathu", "item_code": "SD008", "price": "10.00", "available_days": "Monday", "available_weeks": "2", "is_veg": true}}, {"model": "main.combo", "pk": "d4c55f64-d63e-449d-bc76-136a18a3b381", "fields": {"created": "2024-08-21T06:37:07.754Z", "updated": "2024-08-21T06:37:07.754Z", "creator": null, "is_active": true, "tier": "StandardVeg", "mealtype": "DINNER", "category": "068ac42f-527e-456d-9d12-fe91d6cdf8b8", "image": "", "name": "Ghee Rice, Chilli Gobi, Dal Tadka", "item_code": "SD011", "price": "10.00", "available_days": "Saturday", "available_weeks": "2", "is_veg": true}}, {"model": "main.combo", "pk": "d77db825-e910-424f-8bc8-f5c2b0e3e89a", "fields": {"created": "2024-08-21T06:37:07.785Z", "updated": "2024-08-21T06:37:07.785Z", "creator": null, "is_active": true, "tier": "StandardNonVeg", "mealtype": "LUNCH", "category": "068ac42f-527e-456d-9d12-fe91d6cdf8b8", "image": "", "name": "Barik Rice, Fish Curry, Fish Fry, Upperi, Side curry, Pickle, Papadam", "item_code": "SL017", "price": "10.00", "available_days": "Thursday", "available_weeks": "1", "is_veg": false}}, {"model": "main.combo", "pk": "d8201836-b291-4651-8e2c-fb5a80b5436f", "fields": {"created": "2024-08-21T06:37:07.589Z", "updated": "2024-08-21T06:37:07.589Z", "creator": null, "is_active": true, "tier": "ClassicVeg", "mealtype": "BREAKFAST", "category": "068ac42f-527e-456d-9d12-fe91d6cdf8b8", "image": "", "name": "Parotta, Aloo Palak", "item_code": "CB014", "price": "10.00", "available_days": "Sunday", "available_weeks": "1,2", "is_veg": true}}, {"model": "main.combo", "pk": "d931461a-d127-45f4-90d3-3a941ae831f7", "fields": {"created": "2024-08-21T06:37:07.596Z", "updated": "2024-08-21T06:37:07.596Z", "creator": null, "is_active": true, "tier": "ClassicVeg", "mealtype": "LUNCH", "category": "068ac42f-527e-456d-9d12-fe91d6cdf8b8", "image": "", "name": "Lavash Bread, Bhindi Masala, Chana Masala, pickle", "item_code": "CL017", "price": "10.00", "available_days": "Tuesday", "available_weeks": "1,2", "is_veg": true}}, {"model": "main.combo", "pk": "d9bfe0e2-0ff4-4050-85ef-998e8b5ede5d", "fields": {"created": "2024-08-21T06:37:07.820Z", "updated": "2024-08-21T06:37:07.820Z", "creator": null, "is_active": true, "tier": "StandardNonVeg", "mealtype": "DINNER", "category": "068ac42f-527e-456d-9d12-fe91d6cdf8b8", "image": "", "name": "Nool Porotta, Chicken Sukka, Gravy", "item_code": "SD019", "price": "10.00", "available_days": "Wednesday", "available_weeks": "2", "is_veg": false}}, {"model": "main.combo", "pk": "dcb69a28-9e13-47b1-9ee4-67cd456925cf", "fields": {"created": "2024-08-21T06:37:07.668Z", "updated": "2024-08-21T06:37:07.668Z", "creator": null, "is_active": true, "tier": "ClassicNonVeg", "mealtype": "LUNCH", "category": "068ac42f-527e-456d-9d12-fe91d6cdf8b8", "image": "", "name": "Chicken Machboos, Arabic Chutney, Pickle", "item_code": "CL013", "price": "10.00", "available_days": "Sunday", "available_weeks": "1,2", "is_veg": false}}, {"model": "main.combo", "pk": "ddb4264d-d763-4a25-8d7b-ea9ddef066ad", "fields": {"created": "2024-08-21T06:37:07.803Z", "updated": "2024-08-21T06:37:07.803Z", "creator": null, "is_active": true, "tier": "StandardNonVeg", "mealtype": "LUNCH", "category": "068ac42f-527e-456d-9d12-fe91d6cdf8b8", "image": "", "name": "Chicken Kabsa, Arabic Chutney, Raita", "item_code": "SL023", "price": "10.00", "available_days": "Sunday", "available_weeks": "2", "is_veg": false}}, {"model": "main.combo", "pk": "df8bf23b-329b-46ec-b342-c0ad8de425e2", "fields": {"created": "2024-08-21T06:37:07.526Z", "updated": "2024-08-21T06:37:07.526Z", "creator": null, "is_active": true, "tier": "Essential", "mealtype": "BREAKFAST", "category": "068ac42f-527e-456d-9d12-fe91d6cdf8b8", "image": "", "name": "Porotta, Sabji", "item_code": "EB002", "price": "10.00", "available_days": "Tuesday", "available_weeks": "1,2", "is_veg": true}}, {"model": "main.combo", "pk": "dfd15208-2697-4b87-b5ed-f57ed274a929", "fields": {"created": "2024-08-21T06:37:07.765Z", "updated": "2024-08-21T06:37:07.765Z", "creator": null, "is_active": true, "tier": "StandardNonVeg", "mealtype": "BREAKFAST", "category": "068ac42f-527e-456d-9d12-fe91d6cdf8b8", "image": "", "name": "Plain Dosa, Sambar, Chutney (2 Types)", "item_code": "SB005", "price": "10.00", "available_days": "Friday", "available_weeks": "1", "is_veg": false}}, {"model": "main.combo", "pk": "e006c441-e35f-4910-ac60-a62ac735ce13", "fields": {"created": "2024-08-21T06:37:07.649Z", "updated": "2024-08-21T06:37:07.649Z", "creator": null, "is_active": true, "tier": "ClassicNonVeg", "mealtype": "LUNCH", "category": "068ac42f-527e-456d-9d12-fe91d6cdf8b8", "image": "", "name": "Motta Rice, Chicken Curry, Chana Dal Fry, Pickle", "item_code": "CL002", "price": "10.00", "available_days": "Tuesday", "available_weeks": "1,2", "is_veg": false}}, {"model": "main.combo", "pk": "e0d675e7-8ecb-42e0-bfaa-3b4aa4db1b64", "fields": {"created": "2024-08-21T06:37:07.799Z", "updated": "2024-08-21T06:37:07.799Z", "creator": null, "is_active": true, "tier": "StandardNonVeg", "mealtype": "LUNCH", "category": "068ac42f-527e-456d-9d12-fe91d6cdf8b8", "image": "", "name": "Chicken Biryani, Raita, Pickle, Chammanthi (Coconut Chutney), papadam, Sweets", "item_code": "SL022", "price": "10.00", "available_days": "Friday", "available_weeks": "2", "is_veg": false}}, {"model": "main.combo", "pk": "e3f077e6-8eef-4381-a59d-0962a052097d", "fields": {"created": "2024-08-21T06:37:07.705Z", "updated": "2024-08-21T06:37:07.705Z", "creator": null, "is_active": true, "tier": "StandardVeg", "mealtype": "BREAKFAST", "category": "068ac42f-527e-456d-9d12-fe91d6cdf8b8", "image": "", "name": "Upma, Soya Roast", "item_code": "SB011", "price": "10.00", "available_days": "Saturday", "available_weeks": "2", "is_veg": true}}, {"model": "main.combo", "pk": "e4641a1b-d430-4796-b552-d522c57a398d", "fields": {"created": "2024-08-21T06:37:07.816Z", "updated": "2024-08-21T06:37:07.816Z", "creator": null, "is_active": true, "tier": "StandardNonVeg", "mealtype": "DINNER", "category": "068ac42f-527e-456d-9d12-fe91d6cdf8b8", "image": "", "name": "Chapathi, Soya Varutharachathu", "item_code": "SD008", "price": "10.00", "available_days": "Monday", "available_weeks": "2", "is_veg": false}}, {"model": "main.combo", "pk": "e4ac1fa2-c752-4e0d-b68d-41dc07468be8", "fields": {"created": "2024-08-21T06:37:07.630Z", "updated": "2024-08-21T06:37:07.630Z", "creator": null, "is_active": true, "tier": "ClassicNonVeg", "mealtype": "BREAKFAST", "category": "068ac42f-527e-456d-9d12-fe91d6cdf8b8", "image": "", "name": "Parotta, Keema", "item_code": "CB004", "price": "10.00", "available_days": "Thursday", "available_weeks": "1,2", "is_veg": false}}, {"model": "main.combo", "pk": "e54080cd-2f8f-4494-bab2-23305cc8b06d", "fields": {"created": "2024-08-21T06:37:07.549Z", "updated": "2024-08-21T06:37:07.549Z", "creator": null, "is_active": true, "tier": "Essential", "mealtype": "LUNCH", "category": "068ac42f-527e-456d-9d12-fe91d6cdf8b8", "image": "", "name": "Veg Pulao, Raita, Pickle", "item_code": "EL007", "price": "10.00", "available_days": "Sunday", "available_weeks": "1,2", "is_veg": true}}, {"model": "main.combo", "pk": "e64bd42f-cd17-4404-8fa5-7668230cfb2f", "fields": {"created": "2024-08-21T06:37:07.741Z", "updated": "2024-08-21T06:37:07.742Z", "creator": null, "is_active": true, "tier": "StandardVeg", "mealtype": "DINNER", "category": "068ac42f-527e-456d-9d12-fe91d6cdf8b8", "image": "", "name": "Kerala Porotta, Veg Kuruma", "item_code": "SD005", "price": "10.00", "available_days": "Friday", "available_weeks": "1", "is_veg": true}}, {"model": "main.combo", "pk": "e858fd0d-ff69-43c9-b0e4-b7bc7682e3f4", "fields": {"created": "2024-08-21T06:37:07.729Z", "updated": "2024-08-21T06:37:07.729Z", "creator": null, "is_active": true, "tier": "StandardVeg", "mealtype": "LUNCH", "category": "068ac42f-527e-456d-9d12-fe91d6cdf8b8", "image": "", "name": "Veg Biryani, Raita, Pickle, Chammanthi (Coconut Chutney), Papadam, Sweets", "item_code": "SL011", "price": "10.00", "available_days": "Friday", "available_weeks": "2", "is_veg": true}}, {"model": "main.combo", "pk": "e9c29db8-fe5c-48c4-a4e1-0480da886c6a", "fields": {"created": "2024-08-21T06:37:07.756Z", "updated": "2024-08-21T06:37:07.756Z", "creator": null, "is_active": true, "tier": "StandardVeg", "mealtype": "DINNER", "category": "068ac42f-527e-456d-9d12-fe91d6cdf8b8", "image": "", "name": "Kerala Porotta, Paneer Butter Masala", "item_code": "SD012", "price": "10.00", "available_days": "Sunday", "available_weeks": "2", "is_veg": true}}, {"model": "main.combo", "pk": "ece73c91-15a1-4035-8ce9-6d943445c901", "fields": {"created": "2024-08-21T06:37:07.593Z", "updated": "2024-08-21T06:37:07.593Z", "creator": null, "is_active": true, "tier": "ClassicVeg", "mealtype": "LUNCH", "category": "068ac42f-527e-456d-9d12-fe91d6cdf8b8", "image": "", "name": "Motta Rice, Bhindi Masala, Chana Masala, Pickle", "item_code": "CL015", "price": "10.00", "available_days": "Tuesday", "available_weeks": "1,2", "is_veg": true}}, {"model": "main.combo", "pk": "ed2f2301-8ade-44ec-b240-9885be4b3223", "fields": {"created": "2024-08-21T06:37:07.572Z", "updated": "2024-08-21T06:37:07.572Z", "creator": null, "is_active": true, "tier": "Essential", "mealtype": "DINNER", "category": "068ac42f-527e-456d-9d12-fe91d6cdf8b8", "image": "", "name": "Chapathi, White Chana Masala", "item_code": "ED008", "price": "10.00", "available_days": "Friday", "available_weeks": "1,2", "is_veg": true}}, {"model": "main.combo", "pk": "ed46d7ed-0efb-414a-bba5-c827f71ee288", "fields": {"created": "2024-08-21T06:37:07.599Z", "updated": "2024-08-21T06:37:07.599Z", "creator": null, "is_active": true, "tier": "ClassicVeg", "mealtype": "LUNCH", "category": "068ac42f-527e-456d-9d12-fe91d6cdf8b8", "image": "", "name": "Motta Rice, Rajma Masala, Dal Palak, Pickle", "item_code": "CL019", "price": "10.00", "available_days": "Thursday", "available_weeks": "1,2", "is_veg": true}}, {"model": "main.combo", "pk": "ed62a15b-cdba-402e-9a88-c94ceb6e5fc7", "fields": {"created": "2024-08-21T06:37:07.782Z", "updated": "2024-08-21T06:37:07.782Z", "creator": null, "is_active": true, "tier": "StandardNonVeg", "mealtype": "LUNCH", "category": "068ac42f-527e-456d-9d12-fe91d6cdf8b8", "image": "", "name": "Barik Rice, Fish Curry, Fish Fry, Upperi, Side curry, Pickle, Papadam", "item_code": "SL017", "price": "10.00", "available_days": "Tuesday", "available_weeks": "1", "is_veg": false}}, {"model": "main.combo", "pk": "ee11636b-e200-4367-b194-15b35bd4ad88", "fields": {"created": "2024-08-21T06:37:07.629Z", "updated": "2024-08-21T06:37:07.629Z", "creator": null, "is_active": true, "tier": "ClassicNonVeg", "mealtype": "BREAKFAST", "category": "068ac42f-527e-456d-9d12-fe91d6cdf8b8", "image": "", "name": "Lavash Bread, Chicken Curry", "item_code": "CB003", "price": "10.00", "available_days": "Wednesday", "available_weeks": "1,2", "is_veg": false}}, {"model": "main.combo", "pk": "f13b8ab4-8b49-483d-b4f7-8d1b30d97350", "fields": {"created": "2024-08-21T06:37:07.695Z", "updated": "2024-08-21T06:37:07.695Z", "creator": null, "is_active": true, "tier": "StandardVeg", "mealtype": "BREAKFAST", "category": "068ac42f-527e-456d-9d12-fe91d6cdf8b8", "image": "", "name": "Kerala Porotta, Green Peas Curry", "item_code": "SB009", "price": "10.00", "available_days": "Tuesday", "available_weeks": "2", "is_veg": true}}, {"model": "main.combo", "pk": "f3159ce8-aed8-4c6e-8f38-de28303efdc0", "fields": {"created": "2024-08-21T06:37:07.576Z", "updated": "2024-08-21T06:37:07.576Z", "creator": null, "is_active": true, "tier": "Essential", "mealtype": "DINNER", "category": "068ac42f-527e-456d-9d12-fe91d6cdf8b8", "image": "", "name": "Parotta, Chicken Curry", "item_code": "ED007", "price": "10.00", "available_days": "Sunday", "available_weeks": "1,2", "is_veg": false}}, {"model": "main.combo", "pk": "f3d0f803-d781-4b37-b886-30bb9de25251", "fields": {"created": "2024-08-21T06:37:07.529Z", "updated": "2024-08-21T06:37:07.529Z", "creator": null, "is_active": true, "tier": "Essential", "mealtype": "BREAKFAST", "category": "068ac42f-527e-456d-9d12-fe91d6cdf8b8", "image": "", "name": "Puttu, Kadala Curry", "item_code": "EB004", "price": "10.00", "available_days": "Thursday", "available_weeks": "1,2", "is_veg": true}}, {"model": "main.combo", "pk": "f633bdb7-6be2-4c59-b4fc-26ab726153df", "fields": {"created": "2024-08-21T06:37:07.533Z", "updated": "2024-08-21T06:37:07.533Z", "creator": null, "is_active": true, "tier": "Essential", "mealtype": "BREAKFAST", "category": "068ac42f-527e-456d-9d12-fe91d6cdf8b8", "image": "", "name": "Upma, Tomato Chutney", "item_code": "EB006", "price": "10.00", "available_days": "Saturday", "available_weeks": "1,2", "is_veg": true}}, {"model": "main.combo", "pk": "f71b66c8-0e1b-4302-8514-b12ee06598e8", "fields": {"created": "2024-08-21T06:37:07.768Z", "updated": "2024-08-21T06:37:07.768Z", "creator": null, "is_active": true, "tier": "StandardNonVeg", "mealtype": "BREAKFAST", "category": "068ac42f-527e-456d-9d12-fe91d6cdf8b8", "image": "", "name": "Idli, Sambar, Chutney (2 Types)", "item_code": "SB007", "price": "10.00", "available_days": "Sunday", "available_weeks": "1", "is_veg": false}}, {"model": "main.combo", "pk": "fa7dd618-06d4-4d7d-b1c6-4b7eb0dc8e83", "fields": {"created": "2024-08-21T06:37:07.823Z", "updated": "2024-08-21T06:37:07.823Z", "creator": null, "is_active": true, "tier": "StandardNonVeg", "mealtype": "DINNER", "category": "068ac42f-527e-456d-9d12-fe91d6cdf8b8", "image": "", "name": "Nool Porotta, Fish Mango Curry", "item_code": "SD020", "price": "10.00", "available_days": "Friday", "available_weeks": "2", "is_veg": false}}, {"model": "main.combo", "pk": "faa4d5ec-e6bc-495d-afb5-8c798add4e62", "fields": {"created": "2024-08-21T06:37:07.615Z", "updated": "2024-08-21T06:37:07.615Z", "creator": null, "is_active": true, "tier": "ClassicVeg", "mealtype": "DINNER", "category": "068ac42f-527e-456d-9d12-fe91d6cdf8b8", "image": "", "name": "Parotta, Soya Roast", "item_code": "CD009", "price": "10.00", "available_days": "Tuesday", "available_weeks": "1,2", "is_veg": true}}, {"model": "main.combo", "pk": "fb0fa458-2df0-4659-9766-f5c44fb3e581", "fields": {"created": "2024-08-21T06:37:07.713Z", "updated": "2024-08-21T06:37:07.714Z", "creator": null, "is_active": true, "tier": "StandardVeg", "mealtype": "LUNCH", "category": "068ac42f-527e-456d-9d12-fe91d6cdf8b8", "image": "", "name": "Veg Biryani, Pickle, Chammanthi (Coconut Chutney), Papadam, Raita", "item_code": "SL003", "price": "10.00", "available_days": "Wednesday", "available_weeks": "1", "is_veg": true}}, {"model": "main.combo", "pk": "fd06a332-86d3-4db8-9bb2-9270c21b25f3", "fields": {"created": "2024-08-21T06:37:07.598Z", "updated": "2024-08-21T06:37:07.598Z", "creator": null, "is_active": true, "tier": "ClassicVeg", "mealtype": "LUNCH", "category": "068ac42f-527e-456d-9d12-fe91d6cdf8b8", "image": "", "name": "Mushroom Veg Biryani, Vinegar Salad, Pickle", "item_code": "CL018", "price": "10.00", "available_days": "Wednesday", "available_weeks": "1,2", "is_veg": true}}, {"model": "main.combo", "pk": "fd197108-1fda-429d-988f-60c97c8f15f0", "fields": {"created": "2024-08-21T06:37:07.698Z", "updated": "2024-08-21T06:37:07.698Z", "creator": null, "is_active": true, "tier": "StandardVeg", "mealtype": "BREAKFAST", "category": "068ac42f-527e-456d-9d12-fe91d6cdf8b8", "image": "", "name": "Puttu, Cherupayaru (Green Gram)", "item_code": "SB010", "price": "10.00", "available_days": "Thursday", "available_weeks": "2", "is_veg": true}}, {"model": "main.combo", "pk": "fe99543d-dded-4961-924b-02286eeb09a3", "fields": {"created": "2024-08-21T06:37:07.717Z", "updated": "2024-08-21T06:37:07.717Z", "creator": null, "is_active": true, "tier": "StandardVeg", "mealtype": "LUNCH", "category": "068ac42f-527e-456d-9d12-fe91d6cdf8b8", "image": "", "name": "Veg Biryani, Raita, Pickle, Chammanthi (Coconut Chutney), Papadam, Sweets", "item_code": "SL005", "price": "10.00", "available_days": "Friday", "available_weeks": "1", "is_veg": true}}, {"model": "main.combo", "pk": "ff3f29a8-083c-4c35-b18f-05a8259040d3", "fields": {"created": "2024-08-21T06:37:07.531Z", "updated": "2024-08-21T06:37:07.531Z", "creator": null, "is_active": true, "tier": "Essential", "mealtype": "BREAKFAST", "category": "068ac42f-527e-456d-9d12-fe91d6cdf8b8", "image": "", "name": "Set Dosa, Sambar, Chutney", "item_code": "EB005", "price": "10.00", "available_days": "Friday", "available_weeks": "1,2", "is_veg": true}}, {"model": "main.combo", "pk": "ff78a2a6-82a9-47b4-8b05-7d8e6da97a24", "fields": {"created": "2024-08-21T06:37:07.758Z", "updated": "2024-08-21T06:37:07.758Z", "creator": null, "is_active": true, "tier": "StandardNonVeg", "mealtype": "BREAKFAST", "category": "068ac42f-527e-456d-9d12-fe91d6cdf8b8", "image": "", "name": "Idiyappam, Chicken Stew", "item_code": "SB012", "price": "10.00", "available_days": "Monday", "available_weeks": "1", "is_veg": false}}, {"model": "main.plangroup", "pk": "30b23645-8b8d-417f-b449-56d097c32db4", "fields": {"created": "2024-07-15T08:05:48.600Z", "updated": "2024-07-15T08:05:48.600Z", "creator": null, "is_active": true, "name": "Breakfast + Lunch + Dinner"}}, {"model": "main.plangroup", "pk": "51b1a953-6ba3-4dc8-8a3a-495359b9584a", "fields": {"created": "2024-07-15T08:07:42.755Z", "updated": "2024-07-15T08:07:42.755Z", "creator": null, "is_active": true, "name": "Lunch"}}, {"model": "main.plangroup", "pk": "82396896-816f-4bcc-8888-ebd57de89824", "fields": {"created": "2024-07-15T08:05:45.098Z", "updated": "2024-07-15T08:05:45.098Z", "creator": null, "is_active": true, "name": "Breakfast + Dinner"}}, {"model": "main.plangroup", "pk": "992f067b-d5df-4999-80b3-16ec2be5a919", "fields": {"created": "2024-07-15T08:07:37.202Z", "updated": "2024-07-15T08:07:37.202Z", "creator": null, "is_active": true, "name": "Dinner"}}, {"model": "main.plangroup", "pk": "c0cd54ed-e374-4a7d-a55e-0d9a6a2633fc", "fields": {"created": "2024-07-15T08:07:49.623Z", "updated": "2024-07-15T08:07:49.623Z", "creator": null, "is_active": true, "name": "Lunch + Dinner"}}, {"model": "main.plangroup", "pk": "d7650bd9-6a04-4a09-a7b6-ebdd5e173b8a", "fields": {"created": "2024-07-15T08:05:34.252Z", "updated": "2024-07-15T08:05:34.252Z", "creator": null, "is_active": true, "name": "Breakfast"}}, {"model": "main.plangroup", "pk": "f8b934f0-1a50-4ab4-8209-de6a5cf268b1", "fields": {"created": "2024-07-15T08:05:38.772Z", "updated": "2024-07-15T08:05:38.772Z", "creator": null, "is_active": true, "name": "Breakfast + Lunch"}}, {"model": "main.subscriptionplan", "pk": "007358e0-9444-4f8d-b253-c8eedc8bdbfe", "fields": {"created": "2024-07-15T09:29:05.136Z", "updated": "2024-07-15T09:29:05.136Z", "creator": null, "is_active": true, "group": "82396896-816f-4bcc-8888-ebd57de89824", "validity": 22, "plantype": "MONTHLY", "regular_price": "100.00", "first_order_price": "100.00", "offer_price": "100.00"}}, {"model": "main.subscriptionplan", "pk": "016ab9c5-5bd5-451d-a910-fe557bad1832", "fields": {"created": "2024-07-15T07:33:57.918Z", "updated": "2024-07-15T08:08:26.384Z", "creator": null, "is_active": true, "group": "992f067b-d5df-4999-80b3-16ec2be5a919", "validity": 7, "plantype": "WEEKLY", "regular_price": "151.00", "first_order_price": "128.00", "offer_price": "0.00"}}, {"model": "main.subscriptionplan", "pk": "08e70e68-0870-4939-9bca-9184a2b9ecab", "fields": {"created": "2024-07-15T09:29:05.162Z", "updated": "2024-07-15T09:29:05.162Z", "creator": null, "is_active": true, "group": "30b23645-8b8d-417f-b449-56d097c32db4", "validity": 52, "plantype": "BIMONTHLY", "regular_price": "200.00", "first_order_price": "200.00", "offer_price": "200.00"}}, {"model": "main.subscriptionplan", "pk": "1079dc54-4111-4424-a773-04fb7f2fba54", "fields": {"created": "2024-07-15T07:33:57.918Z", "updated": "2024-07-15T08:07:15.038Z", "creator": null, "is_active": true, "group": "f8b934f0-1a50-4ab4-8209-de6a5cf268b1", "validity": 7, "plantype": "WEEKLY", "regular_price": "194.00", "first_order_price": "165.00", "offer_price": "0.00"}}, {"model": "main.subscriptionplan", "pk": "1240c9e5-bfb3-4113-8833-279575c02443", "fields": {"created": "2024-07-15T09:29:05.133Z", "updated": "2024-07-15T09:29:05.134Z", "creator": null, "is_active": true, "group": "d7650bd9-6a04-4a09-a7b6-ebdd5e173b8a", "validity": 22, "plantype": "MONTHLY", "regular_price": "100.00", "first_order_price": "100.00", "offer_price": "100.00"}}, {"model": "main.subscriptionplan", "pk": "17b27fbd-4e91-4ffb-a333-fb9f7def2e63", "fields": {"created": "2024-07-15T09:29:05.149Z", "updated": "2024-07-15T09:29:05.149Z", "creator": null, "is_active": true, "group": "c0cd54ed-e374-4a7d-a55e-0d9a6a2633fc", "validity": 26, "plantype": "MONTHLY", "regular_price": "100.00", "first_order_price": "100.00", "offer_price": "100.00"}}, {"model": "main.subscriptionplan", "pk": "1d9feb42-51c4-4a87-9449-4b96bea783c1", "fields": {"created": "2024-07-15T09:29:05.161Z", "updated": "2024-07-15T09:29:05.161Z", "creator": null, "is_active": true, "group": "82396896-816f-4bcc-8888-ebd57de89824", "validity": 52, "plantype": "BIMONTHLY", "regular_price": "200.00", "first_order_price": "200.00", "offer_price": "200.00"}}, {"model": "main.subscriptionplan", "pk": "1db71ed9-d206-4d8e-a325-c34d5be20432", "fields": {"created": "2024-07-14T22:35:40Z", "updated": "2024-07-15T08:07:15.035Z", "creator": null, "is_active": true, "group": "d7650bd9-6a04-4a09-a7b6-ebdd5e173b8a", "validity": 5, "plantype": "WEEKLY", "regular_price": "62.00", "first_order_price": "53.00", "offer_price": "0.00"}}, {"model": "main.subscriptionplan", "pk": "231e5e30-ce79-4e6c-8e6f-01c349b7af32", "fields": {"created": "2024-07-15T07:33:57.919Z", "updated": "2024-07-15T08:08:26.387Z", "creator": null, "is_active": true, "group": "c0cd54ed-e374-4a7d-a55e-0d9a6a2633fc", "validity": 7, "plantype": "WEEKLY", "regular_price": "259.00", "first_order_price": "220.00", "offer_price": "0.00"}}, {"model": "main.subscriptionplan", "pk": "245e4830-5728-4a65-9939-ab78c01e1edb", "fields": {"created": "2024-07-15T07:33:57.917Z", "updated": "2024-07-15T08:07:15.034Z", "creator": null, "is_active": true, "group": "d7650bd9-6a04-4a09-a7b6-ebdd5e173b8a", "validity": 7, "plantype": "WEEKLY", "regular_price": "86.00", "first_order_price": "73.00", "offer_price": "0.00"}}, {"model": "main.subscriptionplan", "pk": "2e3e3e23-247e-4bbf-a23b-6efdb36b1591", "fields": {"created": "2024-07-15T09:29:05.169Z", "updated": "2024-07-15T09:29:05.169Z", "creator": null, "is_active": true, "group": "c0cd54ed-e374-4a7d-a55e-0d9a6a2633fc", "validity": 60, "plantype": "BIMONTHLY", "regular_price": "200.00", "first_order_price": "200.00", "offer_price": "200.00"}}, {"model": "main.subscriptionplan", "pk": "2eef1634-edd1-4a12-81de-cd74f07dd134", "fields": {"created": "2024-07-15T09:29:05.143Z", "updated": "2024-07-15T09:29:05.143Z", "creator": null, "is_active": true, "group": "c0cd54ed-e374-4a7d-a55e-0d9a6a2633fc", "validity": 22, "plantype": "MONTHLY", "regular_price": "100.00", "first_order_price": "100.00", "offer_price": "100.00"}}, {"model": "main.subscriptionplan", "pk": "34362920-fb00-4562-85fb-b6005c484117", "fields": {"created": "2024-07-15T09:29:05.160Z", "updated": "2024-07-15T09:29:05.160Z", "creator": null, "is_active": true, "group": "c0cd54ed-e374-4a7d-a55e-0d9a6a2633fc", "validity": 44, "plantype": "BIMONTHLY", "regular_price": "200.00", "first_order_price": "200.00", "offer_price": "200.00"}}, {"model": "main.subscriptionplan", "pk": "3452ae09-b735-4edc-bb2b-c1f0d35c1783", "fields": {"created": "2024-07-15T06:57:10Z", "updated": "2024-07-15T08:08:26.384Z", "creator": null, "is_active": true, "group": "992f067b-d5df-4999-80b3-16ec2be5a919", "validity": 5, "plantype": "WEEKLY", "regular_price": "108.00", "first_order_price": "92.00", "offer_price": "0.00"}}, {"model": "main.subscriptionplan", "pk": "3501671f-e9d0-498f-9122-bd1f8e12024b", "fields": {"created": "2024-07-15T09:29:05.166Z", "updated": "2024-07-15T09:29:05.166Z", "creator": null, "is_active": true, "group": "f8b934f0-1a50-4ab4-8209-de6a5cf268b1", "validity": 60, "plantype": "BIMONTHLY", "regular_price": "200.00", "first_order_price": "200.00", "offer_price": "200.00"}}, {"model": "main.subscriptionplan", "pk": "386e4523-1aea-4ea8-93ea-e00f0629d769", "fields": {"created": "2024-07-15T09:29:05.156Z", "updated": "2024-07-15T09:29:05.156Z", "creator": null, "is_active": true, "group": "82396896-816f-4bcc-8888-ebd57de89824", "validity": 44, "plantype": "BIMONTHLY", "regular_price": "200.00", "first_order_price": "200.00", "offer_price": "200.00"}}, {"model": "main.subscriptionplan", "pk": "43dbdb50-4eb0-4c82-8f20-bf9be2fd6e24", "fields": {"created": "2024-07-15T06:59:46Z", "updated": "2024-07-15T08:07:15.038Z", "creator": null, "is_active": true, "group": "f8b934f0-1a50-4ab4-8209-de6a5cf268b1", "validity": 5, "plantype": "WEEKLY", "regular_price": "139.00", "first_order_price": "118.00", "offer_price": "0.00"}}, {"model": "main.subscriptionplan", "pk": "4432078f-2e00-49cc-861a-a9e1446277bc", "fields": {"created": "2024-07-15T09:29:05.164Z", "updated": "2024-07-15T09:29:05.164Z", "creator": null, "is_active": true, "group": "c0cd54ed-e374-4a7d-a55e-0d9a6a2633fc", "validity": 52, "plantype": "BIMONTHLY", "regular_price": "200.00", "first_order_price": "200.00", "offer_price": "200.00"}}, {"model": "main.subscriptionplan", "pk": "51d1b4dd-5413-4f97-8f8d-ad5d972127a1", "fields": {"created": "2024-07-15T09:29:05.153Z", "updated": "2024-07-15T09:29:05.153Z", "creator": null, "is_active": true, "group": "992f067b-d5df-4999-80b3-16ec2be5a919", "validity": 30, "plantype": "MONTHLY", "regular_price": "100.00", "first_order_price": "100.00", "offer_price": "100.00"}}, {"model": "main.subscriptionplan", "pk": "533ae1bd-d690-4935-b374-7bf6222b3a13", "fields": {"created": "2024-07-15T09:29:05.162Z", "updated": "2024-07-15T09:29:05.162Z", "creator": null, "is_active": true, "group": "f8b934f0-1a50-4ab4-8209-de6a5cf268b1", "validity": 52, "plantype": "BIMONTHLY", "regular_price": "200.00", "first_order_price": "200.00", "offer_price": "200.00"}}, {"model": "main.subscriptionplan", "pk": "5d523527-ac10-4d63-be6d-6c001b7f1f91", "fields": {"created": "2024-07-15T07:33:57.916Z", "updated": "2024-07-15T08:07:15.039Z", "creator": null, "is_active": true, "group": "30b23645-8b8d-417f-b449-56d097c32db4", "validity": 6, "plantype": "WEEKLY", "regular_price": "286.00", "first_order_price": "243.00", "offer_price": "0.00"}}, {"model": "main.subscriptionplan", "pk": "5efc854d-7b0f-48cc-be2a-3af31b98820c", "fields": {"created": "2024-07-15T09:29:05.163Z", "updated": "2024-07-15T09:29:05.163Z", "creator": null, "is_active": true, "group": "992f067b-d5df-4999-80b3-16ec2be5a919", "validity": 52, "plantype": "BIMONTHLY", "regular_price": "200.00", "first_order_price": "200.00", "offer_price": "200.00"}}, {"model": "main.subscriptionplan", "pk": "62a4c2d0-1c46-468d-a87d-d4e4186882d3", "fields": {"created": "2024-07-15T09:29:05.153Z", "updated": "2024-07-15T09:29:05.153Z", "creator": null, "is_active": true, "group": "30b23645-8b8d-417f-b449-56d097c32db4", "validity": 30, "plantype": "MONTHLY", "regular_price": "100.00", "first_order_price": "100.00", "offer_price": "100.00"}}, {"model": "main.subscriptionplan", "pk": "6466ebeb-30a6-46cd-8b19-961443a6f643", "fields": {"created": "2024-07-15T09:29:05.151Z", "updated": "2024-07-15T09:29:05.151Z", "creator": null, "is_active": true, "group": "82396896-816f-4bcc-8888-ebd57de89824", "validity": 30, "plantype": "MONTHLY", "regular_price": "100.00", "first_order_price": "100.00", "offer_price": "100.00"}}, {"model": "main.subscriptionplan", "pk": "6472b997-8020-4fdf-8a53-12b04145a016", "fields": {"created": "2024-07-15T07:33:57.915Z", "updated": "2024-07-15T08:07:15.037Z", "creator": null, "is_active": true, "group": "82396896-816f-4bcc-8888-ebd57de89824", "validity": 6, "plantype": "WEEKLY", "regular_price": "185.00", "first_order_price": "157.00", "offer_price": "0.00"}}, {"model": "main.subscriptionplan", "pk": "64ced026-cef7-4c9e-98de-a0afc94f4771", "fields": {"created": "2024-07-15T09:29:05.148Z", "updated": "2024-07-15T09:29:05.148Z", "creator": null, "is_active": true, "group": "51b1a953-6ba3-4dc8-8a3a-495359b9584a", "validity": 26, "plantype": "MONTHLY", "regular_price": "100.00", "first_order_price": "100.00", "offer_price": "100.00"}}, {"model": "main.subscriptionplan", "pk": "6681d62a-40af-4b10-ae7d-60727649782b", "fields": {"created": "2024-07-15T09:29:05.154Z", "updated": "2024-07-15T09:29:05.154Z", "creator": null, "is_active": true, "group": "51b1a953-6ba3-4dc8-8a3a-495359b9584a", "validity": 30, "plantype": "MONTHLY", "regular_price": "100.00", "first_order_price": "100.00", "offer_price": "100.00"}}, {"model": "main.subscriptionplan", "pk": "66a7704e-68bb-43cb-9daa-b9d2cc97173a", "fields": {"created": "2024-07-15T09:29:05.139Z", "updated": "2024-07-15T09:29:05.139Z", "creator": null, "is_active": true, "group": "30b23645-8b8d-417f-b449-56d097c32db4", "validity": 22, "plantype": "MONTHLY", "regular_price": "100.00", "first_order_price": "100.00", "offer_price": "100.00"}}, {"model": "main.subscriptionplan", "pk": "6b267a15-40e2-4520-a4c3-3186c74be8e6", "fields": {"created": "2024-07-15T07:33:57.916Z", "updated": "2024-07-15T08:08:26.387Z", "creator": null, "is_active": true, "group": "c0cd54ed-e374-4a7d-a55e-0d9a6a2633fc", "validity": 6, "plantype": "WEEKLY", "regular_price": "222.00", "first_order_price": "189.00", "offer_price": "0.00"}}, {"model": "main.subscriptionplan", "pk": "6efd908c-5266-4a69-adbc-9f3087dc7600", "fields": {"created": "2024-07-15T09:29:05.161Z", "updated": "2024-07-15T09:29:05.161Z", "creator": null, "is_active": true, "group": "d7650bd9-6a04-4a09-a7b6-ebdd5e173b8a", "validity": 52, "plantype": "BIMONTHLY", "regular_price": "200.00", "first_order_price": "200.00", "offer_price": "200.00"}}, {"model": "main.subscriptionplan", "pk": "71951424-6b9a-40a3-a1ad-4930ec1a5f26", "fields": {"created": "2024-07-15T09:29:05.155Z", "updated": "2024-07-15T09:29:05.155Z", "creator": null, "is_active": true, "group": "c0cd54ed-e374-4a7d-a55e-0d9a6a2633fc", "validity": 30, "plantype": "MONTHLY", "regular_price": "100.00", "first_order_price": "100.00", "offer_price": "100.00"}}, {"model": "main.subscriptionplan", "pk": "80b219d5-cc9f-437f-bcc4-c0ee68e07597", "fields": {"created": "2024-07-15T09:29:05.167Z", "updated": "2024-07-15T09:29:05.167Z", "creator": null, "is_active": true, "group": "30b23645-8b8d-417f-b449-56d097c32db4", "validity": 60, "plantype": "BIMONTHLY", "regular_price": "200.00", "first_order_price": "200.00", "offer_price": "200.00"}}, {"model": "main.subscriptionplan", "pk": "881b3bf5-41f6-4ec3-a28c-2afa7be00f85", "fields": {"created": "2024-07-15T09:29:05.146Z", "updated": "2024-07-15T09:29:05.146Z", "creator": null, "is_active": true, "group": "f8b934f0-1a50-4ab4-8209-de6a5cf268b1", "validity": 26, "plantype": "MONTHLY", "regular_price": "100.00", "first_order_price": "100.00", "offer_price": "100.00"}}, {"model": "main.subscriptionplan", "pk": "8b308603-eef9-40bb-a4ea-97f0817c09ae", "fields": {"created": "2024-07-15T07:00:54Z", "updated": "2024-07-15T08:08:26.386Z", "creator": null, "is_active": true, "group": "c0cd54ed-e374-4a7d-a55e-0d9a6a2633fc", "validity": 5, "plantype": "WEEKLY", "regular_price": "185.00", "first_order_price": "157.00", "offer_price": "0.00"}}, {"model": "main.subscriptionplan", "pk": "8c3c7f3e-5596-41d1-b5e1-e584dfe53eda", "fields": {"created": "2024-07-15T09:29:05.142Z", "updated": "2024-07-15T09:29:05.142Z", "creator": null, "is_active": true, "group": "51b1a953-6ba3-4dc8-8a3a-495359b9584a", "validity": 22, "plantype": "MONTHLY", "regular_price": "100.00", "first_order_price": "100.00", "offer_price": "100.00"}}, {"model": "main.subscriptionplan", "pk": "8f31bef8-ff55-4104-ba83-0aceea3e05d5", "fields": {"created": "2024-07-15T09:29:05.159Z", "updated": "2024-07-15T09:29:05.159Z", "creator": null, "is_active": true, "group": "51b1a953-6ba3-4dc8-8a3a-495359b9584a", "validity": 44, "plantype": "BIMONTHLY", "regular_price": "200.00", "first_order_price": "200.00", "offer_price": "200.00"}}, {"model": "main.subscriptionplan", "pk": "93d5f502-e9e8-407e-aca8-10ccc73d435a", "fields": {"created": "2024-07-15T07:33:57.914Z", "updated": "2024-07-15T08:08:26.383Z", "creator": null, "is_active": true, "group": "992f067b-d5df-4999-80b3-16ec2be5a919", "validity": 6, "plantype": "WEEKLY", "regular_price": "129.00", "first_order_price": "110.00", "offer_price": "0.00"}}, {"model": "main.subscriptionplan", "pk": "95f46459-4bc2-4a8a-8fec-fa8af577fe2e", "fields": {"created": "2024-07-15T07:33:57.919Z", "updated": "2024-07-15T08:07:15.035Z", "creator": null, "is_active": true, "group": "82396896-816f-4bcc-8888-ebd57de89824", "validity": 7, "plantype": "WEEKLY", "regular_price": "215.00", "first_order_price": "183.00", "offer_price": "0.00"}}, {"model": "main.subscriptionplan", "pk": "9b112dc7-6da7-4670-990a-6cd92c83a14d", "fields": {"created": "2024-07-15T07:33:57.914Z", "updated": "2024-07-15T08:08:26.386Z", "creator": null, "is_active": true, "group": "51b1a953-6ba3-4dc8-8a3a-495359b9584a", "validity": 6, "plantype": "WEEKLY", "regular_price": "111.00", "first_order_price": "94.00", "offer_price": "0.00"}}, {"model": "main.subscriptionplan", "pk": "a029c382-7a3b-4be3-923d-db9150c7ecfb", "fields": {"created": "2024-07-15T06:56:44Z", "updated": "2024-07-15T08:08:26.386Z", "creator": null, "is_active": true, "group": "51b1a953-6ba3-4dc8-8a3a-495359b9584a", "validity": 5, "plantype": "WEEKLY", "regular_price": "92.00", "first_order_price": "78.00", "offer_price": "0.00"}}, {"model": "main.subscriptionplan", "pk": "a1f7ebe4-9dd2-48c8-a5f8-d5b815bac6b2", "fields": {"created": "2024-07-15T09:29:05.147Z", "updated": "2024-07-15T09:29:05.147Z", "creator": null, "is_active": true, "group": "992f067b-d5df-4999-80b3-16ec2be5a919", "validity": 26, "plantype": "MONTHLY", "regular_price": "100.00", "first_order_price": "100.00", "offer_price": "100.00"}}, {"model": "main.subscriptionplan", "pk": "a7aa0b31-a29d-4e28-8bda-6c73d8e4a554", "fields": {"created": "2024-07-15T09:29:05.167Z", "updated": "2024-07-15T09:29:05.167Z", "creator": null, "is_active": true, "group": "992f067b-d5df-4999-80b3-16ec2be5a919", "validity": 60, "plantype": "BIMONTHLY", "regular_price": "200.00", "first_order_price": "200.00", "offer_price": "200.00"}}, {"model": "main.subscriptionplan", "pk": "a7b7a375-bbb2-482d-bac1-5d9ae536742d", "fields": {"created": "2024-07-15T07:33:57.915Z", "updated": "2024-07-15T08:07:15.037Z", "creator": null, "is_active": true, "group": "f8b934f0-1a50-4ab4-8209-de6a5cf268b1", "validity": 6, "plantype": "WEEKLY", "regular_price": "166.00", "first_order_price": "141.00", "offer_price": "0.00"}}, {"model": "main.subscriptionplan", "pk": "a972acfc-d4dc-4b76-86d5-a16b52214947", "fields": {"created": "2024-07-15T09:29:05.138Z", "updated": "2024-07-15T09:29:05.138Z", "creator": null, "is_active": true, "group": "f8b934f0-1a50-4ab4-8209-de6a5cf268b1", "validity": 22, "plantype": "MONTHLY", "regular_price": "100.00", "first_order_price": "100.00", "offer_price": "100.00"}}, {"model": "main.subscriptionplan", "pk": "a990235b-f5b0-40f8-b7df-3e60c3055635", "fields": {"created": "2024-07-15T09:29:05.157Z", "updated": "2024-07-15T09:29:05.157Z", "creator": null, "is_active": true, "group": "f8b934f0-1a50-4ab4-8209-de6a5cf268b1", "validity": 44, "plantype": "BIMONTHLY", "regular_price": "200.00", "first_order_price": "200.00", "offer_price": "200.00"}}, {"model": "main.subscriptionplan", "pk": "aeaf1a44-7ab4-44af-b9d8-245f8447df61", "fields": {"created": "2024-07-15T09:29:05.164Z", "updated": "2024-07-15T09:29:05.164Z", "creator": null, "is_active": true, "group": "51b1a953-6ba3-4dc8-8a3a-495359b9584a", "validity": 52, "plantype": "BIMONTHLY", "regular_price": "200.00", "first_order_price": "200.00", "offer_price": "200.00"}}, {"model": "main.subscriptionplan", "pk": "b0f677ca-2f06-47c4-9338-02d9f8deb490", "fields": {"created": "2024-07-15T09:29:05.144Z", "updated": "2024-07-15T09:29:05.144Z", "creator": null, "is_active": true, "group": "d7650bd9-6a04-4a09-a7b6-ebdd5e173b8a", "validity": 26, "plantype": "MONTHLY", "regular_price": "100.00", "first_order_price": "100.00", "offer_price": "100.00"}}, {"model": "main.subscriptionplan", "pk": "b28b53bc-814b-4295-a437-739f5ce63a93", "fields": {"created": "2024-07-15T09:29:05.156Z", "updated": "2024-07-15T09:29:05.156Z", "creator": null, "is_active": true, "group": "d7650bd9-6a04-4a09-a7b6-ebdd5e173b8a", "validity": 44, "plantype": "BIMONTHLY", "regular_price": "200.00", "first_order_price": "200.00", "offer_price": "200.00"}}, {"model": "main.subscriptionplan", "pk": "bdc96bce-50aa-436c-a63f-5fdfcdc90d2a", "fields": {"created": "2024-07-15T09:29:05.145Z", "updated": "2024-07-15T09:29:05.145Z", "creator": null, "is_active": true, "group": "82396896-816f-4bcc-8888-ebd57de89824", "validity": 26, "plantype": "MONTHLY", "regular_price": "100.00", "first_order_price": "100.00", "offer_price": "100.00"}}, {"model": "main.subscriptionplan", "pk": "c1ce4dd9-2143-4cab-94d6-0d101d3f0151", "fields": {"created": "2024-07-15T09:29:05.158Z", "updated": "2024-07-15T09:29:05.158Z", "creator": null, "is_active": true, "group": "30b23645-8b8d-417f-b449-56d097c32db4", "validity": 44, "plantype": "BIMONTHLY", "regular_price": "200.00", "first_order_price": "200.00", "offer_price": "200.00"}}, {"model": "main.subscriptionplan", "pk": "c3f43b42-8fb8-43db-bbaa-0e4a288d3956", "fields": {"created": "2024-07-15T09:29:05.168Z", "updated": "2024-07-15T09:29:05.168Z", "creator": null, "is_active": true, "group": "51b1a953-6ba3-4dc8-8a3a-495359b9584a", "validity": 60, "plantype": "BIMONTHLY", "regular_price": "200.00", "first_order_price": "200.00", "offer_price": "200.00"}}, {"model": "main.subscriptionplan", "pk": "c9ff913a-2f3c-46af-95f7-758ac072dcc1", "fields": {"created": "2024-07-15T09:29:05.166Z", "updated": "2024-07-15T09:29:05.166Z", "creator": null, "is_active": true, "group": "82396896-816f-4bcc-8888-ebd57de89824", "validity": 60, "plantype": "BIMONTHLY", "regular_price": "200.00", "first_order_price": "200.00", "offer_price": "200.00"}}, {"model": "main.subscriptionplan", "pk": "cbe85b48-a51a-4510-9334-654be5b7a7a3", "fields": {"created": "2024-07-15T09:29:05.159Z", "updated": "2024-07-15T09:29:05.159Z", "creator": null, "is_active": true, "group": "992f067b-d5df-4999-80b3-16ec2be5a919", "validity": 44, "plantype": "BIMONTHLY", "regular_price": "200.00", "first_order_price": "200.00", "offer_price": "200.00"}}, {"model": "main.subscriptionplan", "pk": "d32d491a-0e0f-4b09-ad14-41337ddb6b71", "fields": {"created": "2024-07-15T09:29:05.150Z", "updated": "2024-07-15T09:29:05.150Z", "creator": null, "is_active": true, "group": "d7650bd9-6a04-4a09-a7b6-ebdd5e173b8a", "validity": 30, "plantype": "MONTHLY", "regular_price": "100.00", "first_order_price": "100.00", "offer_price": "100.00"}}, {"model": "main.subscriptionplan", "pk": "d4be5abf-a706-4e74-8779-14c171febb27", "fields": {"created": "2024-07-15T07:33:57.919Z", "updated": "2024-07-15T08:07:15.039Z", "creator": null, "is_active": true, "group": "30b23645-8b8d-417f-b449-56d097c32db4", "validity": 7, "plantype": "WEEKLY", "regular_price": "334.00", "first_order_price": "284.00", "offer_price": "0.00"}}, {"model": "main.subscriptionplan", "pk": "d4d1683c-8c3c-418c-9ee0-5b48b29c969a", "fields": {"created": "2024-07-15T09:29:05.152Z", "updated": "2024-07-15T09:29:05.152Z", "creator": null, "is_active": true, "group": "f8b934f0-1a50-4ab4-8209-de6a5cf268b1", "validity": 30, "plantype": "MONTHLY", "regular_price": "100.00", "first_order_price": "100.00", "offer_price": "100.00"}}, {"model": "main.subscriptionplan", "pk": "d8e8df86-7550-4feb-b058-d11c3e4027c8", "fields": {"created": "2024-07-15T07:01:21Z", "updated": "2024-07-15T08:07:15.038Z", "creator": null, "is_active": true, "group": "30b23645-8b8d-417f-b449-56d097c32db4", "validity": 5, "plantype": "WEEKLY", "regular_price": "238.00", "first_order_price": "203.00", "offer_price": "0.00"}}, {"model": "main.subscriptionplan", "pk": "dc11b6e0-fb56-421b-bf1b-b971ac5d0b90", "fields": {"created": "2024-07-15T07:33:57.917Z", "updated": "2024-07-15T08:08:26.385Z", "creator": null, "is_active": true, "group": "51b1a953-6ba3-4dc8-8a3a-495359b9584a", "validity": 7, "plantype": "WEEKLY", "regular_price": "129.00", "first_order_price": "110.00", "offer_price": "0.00"}}, {"model": "main.subscriptionplan", "pk": "ddd97268-5103-4186-84aa-e703a711df7b", "fields": {"created": "2024-07-15T09:29:05.146Z", "updated": "2024-07-15T09:29:05.146Z", "creator": null, "is_active": true, "group": "30b23645-8b8d-417f-b449-56d097c32db4", "validity": 26, "plantype": "MONTHLY", "regular_price": "100.00", "first_order_price": "100.00", "offer_price": "100.00"}}, {"model": "main.subscriptionplan", "pk": "e122cefd-a599-486d-a605-9d9c2793a094", "fields": {"created": "2024-07-15T07:00:22Z", "updated": "2024-07-15T08:07:15.035Z", "creator": null, "is_active": true, "group": "82396896-816f-4bcc-8888-ebd57de89824", "validity": 5, "plantype": "WEEKLY", "regular_price": "154.00", "first_order_price": "131.00", "offer_price": "0.00"}}, {"model": "main.subscriptionplan", "pk": "e61da2b4-280a-4564-9cc5-bca9323f6ba8", "fields": {"created": "2024-07-15T09:29:05.141Z", "updated": "2024-07-15T09:29:05.141Z", "creator": null, "is_active": true, "group": "992f067b-d5df-4999-80b3-16ec2be5a919", "validity": 22, "plantype": "MONTHLY", "regular_price": "100.00", "first_order_price": "100.00", "offer_price": "100.00"}}, {"model": "main.subscriptionplan", "pk": "f44ad3cb-7c2d-43fe-809b-3a5fbc0ae279", "fields": {"created": "2024-07-15T09:29:05.165Z", "updated": "2024-07-15T09:29:05.165Z", "creator": null, "is_active": true, "group": "d7650bd9-6a04-4a09-a7b6-ebdd5e173b8a", "validity": 60, "plantype": "BIMONTHLY", "regular_price": "200.00", "first_order_price": "200.00", "offer_price": "200.00"}}, {"model": "main.subscriptionplan", "pk": "f68daa0e-ec88-4ad9-b87e-f282f320d8ac", "fields": {"created": "2024-07-15T07:33:57.913Z", "updated": "2024-07-15T08:07:15.033Z", "creator": null, "is_active": true, "group": "d7650bd9-6a04-4a09-a7b6-ebdd5e173b8a", "validity": 6, "plantype": "WEEKLY", "regular_price": "74.00", "first_order_price": "63.00", "offer_price": "0.00"}}, {"model": "main.subscription", "pk": "7417558e-bebf-45a8-b0a7-cc025c420d50", "fields": {"created": "2024-08-04T22:45:56.104Z", "updated": "2024-08-04T22:45:56.104Z", "creator": null, "is_active": true, "user": 1, "plan": "1240c9e5-bfb3-4113-8833-279575c02443", "start_date": "2024-08-05", "end_date": "2024-08-05", "breakfast_address": "323da022-edcf-471b-a952-36c265bfbcac", "lunch_address": "5ba5efec-59b4-4919-94e6-4ea8b277aec2", "dinner_address": "323da022-edcf-471b-a952-36c265bfbcac"}}, {"model": "main.useraddress", "pk": "0ba898a0-9df5-4154-85b1-27ca7a49fb43", "fields": {"created": "2024-08-04T20:50:52.430Z", "updated": "2024-08-04T20:52:05.436Z", "creator": 1, "is_active": false, "user": 1, "name": "Anfas PV", "room_no": "1", "floor": "1", "building_name": "1", "street_name": "Pulthodi House, Peringave", "area": "5a24fa66-4bf6-4369-bd8a-684631196eea", "mobile": "08086871991", "is_default": false, "status": "UNDER_REVIEW"}}, {"model": "main.useraddress", "pk": "186a8314-76fc-443b-9288-9694e9dc79be", "fields": {"created": "2024-08-04T20:55:26.976Z", "updated": "2024-08-04T21:00:18.511Z", "creator": 1, "is_active": true, "user": 1, "name": "Anfas PV", "room_no": "1", "floor": "2", "building_name": "2", "street_name": "Pulthodi House, Peringave", "area": "5a24fa66-4bf6-4369-bd8a-684631196eea", "mobile": "08086871991", "is_default": true, "status": "UNDER_REVIEW"}}, {"model": "main.useraddress", "pk": "323da022-edcf-471b-a952-36c265bfbcac", "fields": {"created": "2024-08-04T20:35:29.276Z", "updated": "2024-08-04T20:50:17.116Z", "creator": 1, "is_active": false, "user": 1, "name": "Anfas PV", "room_no": "1", "floor": "1", "building_name": "wer", "street_name": "Pulthodi House, Peringave", "area": "b507f186-b8be-4a4e-80cb-81fa3d8e63c6", "mobile": "08086871991", "is_default": true, "status": "UNDER_REVIEW"}}, {"model": "main.useraddress", "pk": "5ba5efec-59b4-4919-94e6-4ea8b277aec2", "fields": {"created": "2024-07-15T11:43:30.992Z", "updated": "2024-08-04T20:33:22.557Z", "creator": 1, "is_active": false, "user": 1, "name": "Anfas PV", "room_no": "1", "floor": "2", "building_name": "Wolf", "street_name": "Pulthodi House, Peringave", "area": "1fa8c4e9-245b-4829-899c-ab5f64137aee", "mobile": "08086871991", "is_default": false, "status": "UNDER_REVIEW"}}, {"model": "main.useraddress", "pk": "eb818521-c693-430a-a9e9-73f684b40c75", "fields": {"created": "2024-08-04T20:52:28.850Z", "updated": "2024-08-04T20:52:31.851Z", "creator": 1, "is_active": false, "user": 1, "name": "Anfas PV", "room_no": "1", "floor": "1", "building_name": "1", "street_name": "Pulthodi House, Peringave", "area": "b507f186-b8be-4a4e-80cb-81fa3d8e63c6", "mobile": "08086871991", "is_default": false, "status": "UNDER_REVIEW"}}, {"model": "users.customuser", "pk": 1, "fields": {"password": "pbkdf2_sha256$600000$yMyPAY5YpuXbWKRc0qJa5n$KTLFqJSPQlkGIlHaXHwTCcj07skM7PEnMIXwBaOkgPY=", "last_login": "2024-08-09T08:21:28.858Z", "is_superuser": true, "username": "Administrator", "first_name": "Administrator", "last_name": "", "email": "", "is_staff": true, "is_active": true, "date_joined": "2024-06-19T07:08:22.508Z", "mobile": null, "usertype": "Administrator", "groups": [], "user_permissions": []}}, {"model": "users.customuser", "pk": 2, "fields": {"password": "pbkdf2_sha256$600000$aleIOEj5LM5JzkDDcFHxWb$wp8Q5JKyWXT838ZHR2VQfd9FLuRAxVNnWcAjUMEPX6k=", "last_login": "2024-08-09T08:19:39.154Z", "is_superuser": false, "username": "Delivery", "first_name": "Delivery Staff", "last_name": "", "email": "", "is_staff": false, "is_active": true, "date_joined": "2024-06-19T09:17:44.304Z", "mobile": null, "usertype": "Delivery", "groups": [], "user_permissions": []}}, {"model": "users.customuser", "pk": 4, "fields": {"password": "pbkdf2_sha256$600000$10uvNaPlMcC9467QfAL5uo$VOJdGZwz8GuZjWZ/hlUMrESfOGeSIqvoQVQEu+bc/E4=", "last_login": "2024-08-09T08:21:47.749Z", "is_superuser": false, "username": "Customer", "first_name": "Customer", "last_name": "", "email": "", "is_staff": false, "is_active": true, "date_joined": "2024-06-19T09:18:20.375Z", "mobile": "05123456", "usertype": "Customer", "groups": [], "user_permissions": []}}, {"model": "users.customuser", "pk": 5, "fields": {"password": "pbkdf2_sha256$600000$op42TAuRfUuu0Y9mfX2Mcf$fq6e+RIxXSZmjc2bgquFAqR2BBgFYUAyw4Su5O4kf+k=", "last_login": "2024-08-09T08:08:00.138Z", "is_superuser": false, "username": "KitchenManager", "first_name": "Kitchen Manager", "last_name": "", "email": "", "is_staff": false, "is_active": true, "date_joined": "2024-06-19T09:18:30.224Z", "mobile": null, "usertype": "KitchenManager", "groups": [], "user_permissions": []}}, {"model": "users.customuser", "pk": 6, "fields": {"password": "pbkdf2_sha256$600000$SCSsOafeUoYfLrWp37vmmY$BiVlLRpbJoJ3Wj8dK2NBaagbyWlXtCo2AAA055G/Lrk=", "last_login": "2024-08-19T20:23:02.340Z", "is_superuser": true, "username": "pvanfas", "first_name": "", "last_name": "", "email": "", "is_staff": true, "is_active": true, "date_joined": "2024-08-19T20:22:54.713Z", "mobile": null, "usertype": "Administrator", "groups": [], "user_permissions": []}}]